Workbook

Sheet PQ_Harian
A1: Nama Test | B1: 1 | C1: 2 | D1: 3 | E1: 4 | F1: 5 | G1: 6 | H1: 7 | I1: 8 | J1: 9 | K1: 10 | L1: 11 | M1: 12 | N1: 13 | O1: 14 | P1: 15 | Q1: 16 | R1: 17 | S1: 18 | T1: 19 | U1: 20 | V1: 21 | W1: 22 | X1: 23 | Y1: 24 | Z1: 25 | AA1: 26 | AB1: 27 | AC1: 28 | AD1: 29 | AE1: 30 | AF1: 31 | AG1: Total
A2: Snibe Vitamin B12 | C2: 1 | I2: 2 | K2: 1 | L2: 1 | P2: 1 | R2: 2 | X2: 1 | Y2: 1 | AE2: 1 | AG2: 11
A3: Snibe Asam Folat | C3: 1 | K3: 1 | L3: 1 | P3: 1 | R3: 2 | X3: 1 | Y3: 1 | AE3: 1 | AG3: 9
A4: Ferritin | C4: 2 | G4: 3 | I4: 1 | J4: 1 | K4: 1 | L4: 2 | N4: 3 | P4: 3 | R4: 1 | W4: 2 | X4: 1 | Z4: 2 | AB4: 2 | AD4: 2 | AE4: 2 | AG4: 28
A5: INDIKO Iron | C5: 5 | D5: 4 | E5: 7 | F5: 3 | G5: 4 | I5: 2 | J5: 1 | K5: 1 | L5: 3 | M5: 3 | N5: 1 | R5: 1 | S5: 1 | T5: 1 | U5: 3 | W5: 3 | X5: 1 | Y5: 1 | Z5: 3 | AA5: 1 | AB5: 1 | AD5: 2 | AE5: 3 | AG5: 55
A6: PATHFAST D-dimer | E6: 2 | F6: 1 | I6: 1 | N6: 2 | AG6: 6
A7: PATHFAST Trop I | C7: 5 | D7: 2 | E7: 1 | F7: 1 | G7: 1 | I7: 2 | J7: 1 | K7: 1 | L7: 1 | M7: 5 | N7: 2 | P7: 3 | R7: 3 | S7: 1 | U7: 1 | W7: 7 | X7: 1 | Y7: 3 | AD7: 2 | AG7: 43
A8: Elecsys Vitamin D | C8: 2 | D8: 2 | E8: 2 | F8: 2 | G8: 7 | I8: 5 | J8: 4 | K8: 1 | L8: 3 | M8: 2 | N8: 4 | P8: 5 | R8: 3 | S8: 3 | T8: 4 | U8: 2 | W8: 2 | X8: 7 | Y8: 1 | Z8: 1 | AA8: 4 | AB8: 2 | AD8: 2 | AE8: 3 | AG8: 73
A9: Leptospira IgG/IgM | E9: 1 | F9: 1 | AB9: 1 | AG9: 3
A10: Euroimmun IgE Inhalasi | E10: 2 | G10: 1 | I10: 1 | R10: 1 | T10: 1 | U10: 1 | AG10: 7
A11: Vidas AMH | E11: 1 | I11: 1 | S11: 1 | W11: 1 | X11: 1 | AD11: 1 | AG11: 6
A12: Euroimmun IgE Makanan Asia | E12: 1 | G12: 1 | T12: 1 | AG12: 3
A13: Euroimmun IgE Atopi | C13: 2 | I13: 1 | J13: 2 | K13: 1 | L13: 1 | M13: 1 | N13: 2 | R13: 2 | S13: 2 | T13: 1 | U13: 1 | W13: 1 | Y13: 1 | Z13: 3 | AA13: 2 | AB13: 1 | AD13: 3 | AE13: 3 | AG13: 30
A14: Chikungunya IgM | C14: 1 | AA14: 2 | AE14: 1 | AG14: 4
A15: Anti Toxo Avidity IgG | I15: 1 | AE15: 1 | AG15: 2
A16: Anti HAV Total | M16: 1 | AG16: 1
A17: Euroimmun ANA Profile | D17: 1 | G17: 1 | I17: 1 | K17: 2 | M17: 1 | N17: 3 | R17: 1 | U17: 1 | W17: 2 | Z17: 1 | AA17: 1 | AB17: 2 | AD17: 1 | AG17: 18
A18: HBsAg | D18: 1 | E18: 2 | G18: 2 | I18: 2 | J18: 1 | N18: 1 | U18: 1 | W18: 1 | X18: 2 | AD18: 2 | AE18: 1 | AG18: 16
A19: Hbsag rapid | D19: 1 | R19: 3 | T19: 1 | U19: 3 | X19: 2 | Y19: 1 | Z19: 1 | AA19: 1 | AB19: 5 | AD19: 1 | AE19: 1 | AG19: 20
A20: Anti-HBS | E20: 1 | G20: 2 | P20: 5 | U20: 1 | X20: 2 | Z20: 1 | AG20: 12
A21: Anti HBc Total | D21: 1 | F21: 1 | G21: 1 | W21: 1 | AB21: 1 | AD21: 1 | AG21: 6
A22: PIMA CD4 | C22: 1 | F22: 1 | J22: 1 | K22: 1 | L22: 1 | P22: 1 | R22: 1 | AD22: 1 | AG22: 8
A23: HBeAg | M23: 2 | P23: 1 | S23: 1 | T23: 2 | U23: 1 | Y23: 2 | AG23: 9
A24: Anti HAV IgM | C24: 2 | E24: 1 | K24: 1 | N24: 1 | P24: 1 | R24: 1 | T24: 1 | Y24: 2 | AA24: 1 | AB24: 1 | AG24: 12
A25: Toxo IgG | C25: 1 | D25: 2 | E25: 3 | F25: 1 | G25: 4 | I25: 1 | J25: 2 | K25: 1 | R25: 2 | T25: 1 | U25: 2 | W25: 3 | Y25: 1 | AB25: 1 | AD25: 2 | AE25: 2 | AG25: 29
A26: Toxo IgM | C26: 2 | E26: 2 | F26: 1 | G26: 2 | I26: 1 | K26: 1 | P26: 1 | R26: 3 | U26: 1 | W26: 2 | Y26: 2 | AB26: 1 | AD26: 1 | AE26: 2 | AG26: 22
A27: Rubella IgG | D27: 1 | E27: 3 | F27: 3 | G27: 2 | J27: 3 | N27: 1 | R27: 1 | S27: 3 | T27: 1 | U27: 2 | W27: 3 | X27: 3 | Y27: 1 | AA27: 1 | AB27: 1 | AE27: 3 | AG27: 32
A28: Rubella IgM | F28: 1 | I28: 1 | P28: 1 | R28: 1 | W28: 2 | AE28: 1 | AG28: 7
A29: CMV IgG | F29: 1 | G29: 1 | I29: 1 | J29: 2 | K29: 1 | U29: 1 | W29: 1 | AD29: 1 | AE29: 1 | AG29: 10
A30: CMV IgM | F30: 1 | K30: 1 | P30: 1 | R30: 1 | U30: 1 | AD30: 1 | AE30: 1 | AG30: 7
A31: PATHFAST Hs-CRP | D31: 1 | E31: 1 | G31: 2 | I31: 2 | J31: 2 | M31: 1 | N31: 2 | S31: 1 | X31: 1 | AA31: 1 | AG31: 14
A32: IgE Total | C32: 2 | D32: 2 | E32: 2 | F32: 1 | G32: 1 | I32: 2 | J32: 2 | M32: 3 | N32: 3 | R32: 2 | S32: 1 | W32: 2 | Z32: 2 | AA32: 3 | AD32: 2 | AE32: 1 | AG32: 31
A33: Fokus HIV | C33: 1 | E33: 3 | G33: 1 | N33: 2 | R33: 3 | T33: 1 | U33: 2 | X33: 2 | AB33: 2 | AD33: 1 | AE33: 2 | AG33: 20
A34: AFP | E34: 2 | G34: 1 | M34: 1 | N34: 1 | P34: 1 | U34: 1 | Z34: 1 | AB34: 12 | AE34: 1 | AG34: 21
A35: Total PSA | E35: 1 | G35: 2 | K35: 1 | N35: 2 | S35: 1 | W35: 2 | X35: 1 | Z35: 1 | AB35: 1 | AE35: 2 | AG35: 14
A36: CEA | E36: 2 | F36: 1 | G36: 2 | I36: 1 | M36: 1 | N36: 2 | P36: 1 | W36: 3 | X36: 1 | Y36: 1 | Z36: 2 | AG36: 17
A37: Ca 125 | E37: 3 | G37: 3 | I37: 1 | J37: 1 | L37: 1 | M37: 1 | N37: 1 | P37: 1 | T37: 1 | X37: 2 | AA37: 1 | AB37: 3 | AE37: 1 | AG37: 20
A38: Ca 19-9 | D38: 1 | E38: 2 | K38: 3 | M38: 1 | P38: 1 | AB38: 12 | AE38: 1 | AG38: 21
A39: Ca 15-3 | E39: 2 | G39: 1 | I39: 1 | L39: 1 | M39: 1 | N39: 1 | AA39: 1 | AB39: 1 | AG39: 9
A40: Elektrolit | C40: 12 | D40: 3 | E40: 38 | G40: 1 | I40: 6 | J40: 2 | K40: 1 | M40: 10 | N40: 1 | P40: 7 | R40: 6 | S40: 6 | W40: 8 | X40: 4 | Y40: 6 | AD40: 1 | AE40: 6 | AG40: 118
A41: INDIKO Billirubin Total | C41: 5 | D41: 1 | E41: 23 | G41: 1 | I41: 2 | J41: 14 | K41: 14 | L41: 10 | M41: 32 | P41: 25 | R41: 14 | S41: 4 | T41: 7 | W41: 13 | X41: 10 | Y41: 12 | Z41: 1 | AA41: 1 | AD41: 3 | AE41: 14 | AG41: 206
A42: INDIKO Direct Billirubin | C42: 5 | D42: 1 | E42: 22 | G42: 1 | I42: 2 | J42: 14 | K42: 14 | L42: 10 | M42: 32 | P42: 25 | R42: 14 | S42: 4 | T42: 7 | W42: 13 | X42: 10 | Y42: 12 | AA42: 1 | AD42: 3 | AE42: 14 | AG42: 204
A43: INDIKO ALP | C43: 5 | D43: 5 | E43: 22 | G43: 3 | I43: 4 | J43: 14 | K43: 15 | L43: 10 | M43: 32 | N43: 1 | P43: 25 | R43: 15 | S43: 4 | T43: 7 | U43: 2 | W43: 13 | X43: 10 | Y43: 13 | AA43: 1 | AB43: 1 | AD43: 6 | AE43: 15 | AG43: 223
A44: INDIKO AST / GOT (IFCC) | C44: 7 | D44: 3 | E44: 23 | F44: 1 | G44: 28 | I44: 3 | J44: 15 | K44: 14 | L44: 12 | M44: 35 | N44: 3 | P44: 29 | R44: 19 | S44: 7 | T44: 12 | U44: 6 | W44: 14 | X44: 14 | Y44: 13 | Z44: 4 | AA44: 7 | AB44: 4 | AD44: 14 | AE44: 25 | AG44: 312
A45: INDIKO ALT / GPT (IFCC) | C45: 7 | D45: 3 | E45: 23 | F45: 1 | G45: 28 | I45: 3 | J45: 15 | K45: 14 | L45: 12 | M45: 35 | N45: 3 | P45: 29 | R45: 19 | S45: 7 | T45: 12 | U45: 6 | W45: 14 | X45: 13 | Y45: 13 | Z45: 4 | AA45: 7 | AB45: 4 | AD45: 14 | AE45: 25 | AG45: 311
A46: INDIKO Gamma GT (IFCC) | I46: 4 | K46: 1 | L46: 9 | P46: 1 | W46: 1 | X46: 1 | Y46: 1 | Z46: 2 | AB46: 1 | AD46: 1 | AG46: 22
A47: INDIKO Total Protein Plus | C47: 4 | D47: 1 | E47: 22 | G47: 1 | I47: 2 | J47: 3 | K47: 1 | M47: 4 | P47: 3 | R47: 4 | S47: 2 | W47: 4 | X47: 1 | Y47: 2 | AD47: 1 | AE47: 2 | AG47: 57
A48: INDIKO Albumin | C48: 4 | D48: 1 | E48: 23 | G48: 1 | I48: 3 | J48: 2 | K48: 1 | M48: 5 | P48: 4 | R48: 4 | S48: 2 | W48: 4 | X48: 2 | Y48: 2 | AD48: 1 | AE48: 2 | AG48: 61
A49: INDIKO Glukosa (HK) | C49: 5 | D49: 1 | E49: 1 | F49: 1 | G49: 27 | I49: 2 | J49: 13 | K49: 13 | L49: 12 | M49: 31 | N49: 3 | P49: 29 | R49: 19 | S49: 5 | T49: 12 | U49: 6 | W49: 13 | X49: 13 | Y49: 10 | Z49: 5 | AA49: 7 | AB49: 5 | AD49: 14 | AE49: 24 | AG49: 271
A50: INDIKO Cholesterol Total | C50: 5 | D50: 2 | E50: 23 | F50: 1 | G50: 28 | I50: 2 | J50: 3 | K50: 1 | L50: 2 | M50: 6 | N50: 4 | P50: 7 | R50: 9 | S50: 5 | T50: 5 | U50: 6 | W50: 4 | X50: 5 | Y50: 3 | Z50: 4 | AA50: 6 | AB50: 4 | AD50: 12 | AE50: 14 | AG50: 161
A51: INDIKO HDL Cholesterol | C51: 1 | D51: 1 | E51: 1 | F51: 1 | G51: 27 | J51: 1 | L51: 2 | M51: 2 | N51: 4 | P51: 4 | R51: 5 | S51: 3 | T51: 5 | U51: 6 | W51: 1 | X51: 4 | Z51: 4 | AA51: 6 | AB51: 4 | AD51: 11 | AE51: 12 | AG51: 105
A52: INDIKO LDL Cholesterol | C52: 1 | D52: 1 | E52: 1 | F52: 1 | G52: 27 | J52: 1 | L52: 2 | M52: 2 | N52: 29 | P52: 4 | R52: 5 | S52: 3 | T52: 5 | U52: 6 | X52: 4 | Z52: 4 | AA52: 6 | AB52: 4 | AD52: 11 | AE52: 12 | AG52: 129
A53: INDIKO Trigliserida | C53: 1 | D53: 1 | E53: 1 | F53: 1 | G53: 27 | J53: 1 | L53: 2 | M53: 2 | N53: 4 | P53: 4 | R53: 5 | S53: 3 | T53: 5 | U53: 6 | W53: 1 | X53: 4 | Y53: 1 | Z53: 4 | AA53: 6 | AB53: 3 | AD53: 11 | AE53: 12 | AG53: 105
A54: INDIKO CK | C54: 4 | D54: 1 | E54: 22 | G54: 1 | I54: 2 | J54: 2 | K54: 1 | M54: 4 | P54: 3 | R54: 4 | S54: 2 | W54: 4 | X54: 1 | Y54: 2 | AD54: 1 | AE54: 2 | AG54: 56
A55: Roche CKMB | C55: 4 | G55: 1 | I55: 2 | M55: 4 | P55: 3 | R55: 3 | W55: 4 | X55: 1 | Y55: 1 | AD55: 1 | AG55: 24
A56: INDIKO LDH (IFCC) | C56: 4 | D56: 2 | E56: 22 | F56: 1 | G56: 1 | I56: 2 | J56: 3 | K56: 1 | M56: 4 | N56: 1 | P56: 3 | R56: 4 | S56: 2 | T56: 1 | W56: 4 | X56: 1 | Y56: 2 | AD56: 1 | AE56: 2 | AG56: 61
A57: INDIKO Urea | C57: 11 | D57: 3 | E57: 45 | F57: 1 | G57: 29 | I57: 5 | J57: 17 | K57: 15 | L57: 12 | M57: 39 | N57: 3 | P57: 32 | R57: 23 | S57: 9 | T57: 12 | U57: 6 | W57: 18 | X57: 14 | Y57: 14 | Z57: 4 | AA57: 7 | AB57: 4 | AD57: 15 | AE57: 27 | AG57: 365
A58: INDIKO Creatinin (Enzymatic) | C58: 7 | D58: 2 | E58: 23 | F58: 1 | G58: 28 | I58: 3 | J58: 15 | K58: 14 | L58: 12 | M58: 35 | N58: 3 | P58: 29 | R58: 19 | S58: 7 | T58: 12 | U58: 6 | W58: 14 | X58: 14 | Y58: 12 | Z58: 4 | AA58: 7 | AB58: 4 | AD58: 14 | AE58: 25 | AG58: 310
A59: INDIKO Uric Acid (AOX) | C59: 1 | D59: 1 | F59: 1 | G59: 27 | J59: 1 | L59: 2 | M59: 2 | N59: 3 | P59: 4 | R59: 5 | S59: 3 | T59: 5 | U59: 5 | W59: 1 | X59: 4 | Z59: 4 | AA59: 6 | AB59: 3 | AD59: 11 | AE59: 11 | AG59: 100
A60: INDIKO Calsium | C60: 2 | E60: 1 | G60: 2 | K60: 1 | M60: 2 | N60: 1 | P60: 3 | R60: 5 | U60: 1 | X60: 2 | Z60: 2 | AA60: 4 | AB60: 1 | AG60: 27
A61: INDIKO Magnesium | C61: 2 | E61: 1 | J61: 1 | K61: 1 | M61: 1 | N61: 1 | P61: 2 | R61: 1 | T61: 1 | U61: 1 | AB61: 1 | AG61: 13
A62: INDIKO Phosporus | C62: 5 | D62: 1 | E62: 23 | G62: 2 | I62: 2 | J62: 2 | K62: 1 | M62: 4 | N62: 1 | P62: 3 | R62: 5 | S62: 2 | W62: 5 | X62: 1 | Y62: 3 | AA62: 1 | AD62: 1 | AE62: 2 | AG62: 64
A63: INDIKO Lipase | C63: 5 | D63: 1 | E63: 22 | G63: 2 | I63: 3 | J63: 2 | K63: 1 | L63: 1 | M63: 4 | N63: 2 | P63: 3 | R63: 4 | S63: 3 | T63: 1 | W63: 4 | X63: 1 | Y63: 3 | Z63: 1 | AA63: 1 | AB63: 1 | AD63: 2 | AE63: 3 | AG63: 70
A64: INDIKO Amylase (IFCC) | E64: 1 | I64: 1 | J64: 2 | M64: 1 | N64: 2 | P64: 2 | U64: 1 | W64: 1 | Y64: 1 | Z64: 3 | AB64: 1 | AG64: 16
A65: Tube Quantiferon | C65: 1 | I65: 2 | J65: 4 | L65: 1 | M65: 2 | R65: 2 | S65: 4 | T65: 2 | W65: 2 | X65: 1 | Y65: 3 | AA65: 1 | AD65: 4 | AG65: 29
A66: FT4 | C66: 6 | D66: 3 | E66: 1 | F66: 3 | G66: 4 | I66: 3 | J66: 6 | K66: 4 | L66: 4 | M66: 5 | N66: 5 | P66: 7 | R66: 3 | S66: 2 | T66: 2 | U66: 3 | W66: 5 | X66: 6 | Y66: 4 | Z66: 3 | AA66: 4 | AB66: 7 | AD66: 1 | AE66: 5 | AG66: 96
A67: TSHs | C67: 3 | D67: 3 | E67: 4 | F67: 1 | G67: 1 | I67: 2 | J67: 3 | K67: 5 | L67: 3 | M67: 2 | P67: 4 | R67: 6 | S67: 2 | T67: 2 | U67: 4 | W67: 1 | X67: 1 | Y67: 3 | Z67: 1 | AA67: 4 | AB67: 3 | AD67: 1 | AE67: 5 | AG67: 64
A68: FT3 | C68: 2 | D68: 1 | E68: 1 | F68: 1 | G68: 1 | K68: 3 | M68: 1 | P68: 1 | T68: 1 | W68: 1 | AG68: 13
A69: Snibe Anti TPO | C69: 1 | F69: 1 | M69: 1 | T69: 3 | Y69: 1 | AE69: 2 | AG69: 9
A70: Prolactin | C70: 2 | D70: 1 | E70: 1 | G70: 1 | I70: 2 | R70: 1 | T70: 1 | U70: 1 | W70: 1 | X70: 1 | Y70: 1 | AA70: 1 | AB70: 1 | AD70: 1 | AG70: 16
A71: Snibe Tiroglobulin | M71: 1 | U71: 1 | Z71: 1 | AG71: 3
A72: Snibe Beta HCG | C72: 1 | F72: 1 | S72: 1 | U72: 1 | Y72: 2 | AG72: 6
A73: FSH | C73: 3 | E73: 1 | F73: 1 | G73: 1 | I73: 3 | J73: 2 | L73: 1 | M73: 3 | P73: 2 | R73: 2 | S73: 2 | T73: 1 | U73: 2 | W73: 2 | X73: 3 | Y73: 2 | AA73: 1 | AD73: 2 | AG73: 34
A74: LH | C74: 1 | E74: 1 | G74: 1 | I74: 2 | J74: 2 | R74: 1 | U74: 1 | W74: 1 | X74: 1 | Y74: 2 | AA74: 1 | AD74: 2 | AG74: 16
A75: Estradiol | C75: 1 | E75: 1 | F75: 1 | G75: 2 | I75: 1 | J75: 4 | L75: 4 | M75: 3 | P75: 2 | R75: 2 | S75: 2 | T75: 1 | U75: 1 | W75: 5 | X75: 1 | Y75: 3 | AA75: 1 | AD75: 1 | AG75: 36
A76: Progesteron | J76: 2 | W76: 1 | AA76: 2 | AD76: 1 | AG76: 6
A77: Testosteron | C77: 3 | D77: 1 | F77: 1 | G77: 3 | I77: 2 | J77: 2 | L77: 1 | N77: 1 | R77: 1 | T77: 1 | U77: 2 | W77: 2 | X77: 1 | Y77: 3 | Z77: 1 | AA77: 1 | AG77: 26
A78: Vidas Cortisol | C78: 1 | G78: 2 | I78: 1 | K78: 1 | T78: 1 | U78: 1 | W78: 2 | Y78: 1 | AG78: 10
A79: TSH | C79: 1 | D79: 4 | E79: 15 | F79: 3 | G79: 4 | J79: 2 | K79: 1 | M79: 3 | P79: 5 | R79: 3 | S79: 1 | W79: 2 | X79: 2 | AB79: 3 | AD79: 7 | AE79: 4 | AG79: 60
A80: T3 Total | C80: 1 | D80: 3 | E80: 15 | F80: 2 | G80: 2 | J80: 3 | K80: 1 | L80: 1 | M80: 3 | N80: 2 | P80: 1 | R80: 3 | U80: 1 | W80: 2 | Z80: 1 | AD80: 1 | AG80: 42
A81: T4 Total | C81: 1 | D81: 3 | E81: 15 | G81: 1 | J81: 3 | K81: 1 | L81: 1 | M81: 3 | N81: 1 | P81: 2 | R81: 3 | U81: 1 | W81: 2 | AD81: 1 | AG81: 38
A82: Aution Stik | C82: 5 | D82: 1 | E82: 2 | G82: 1 | I82: 3 | J82: 12 | K82: 13 | L82: 10 | M82: 30 | N82: 1 | P82: 24 | R82: 16 | S82: 2 | T82: 9 | U82: 2 | W82: 13 | X82: 12 | Y82: 10 | Z82: 1 | AA82: 1 | AB82: 2 | AD82: 5 | AE82: 15 | AG82: 190
A83: HBV DNA | D83: 1 | F83: 1 | G83: 1 | M83: 1 | U83: 3 | W83: 1 | X83: 1 | AD83: 2 | AE83: 1 | AG83: 12
A84: HIV VL | J84: 1 | K84: 1 | U84: 1 | AG84: 3

Sheet Juli2026
A2: Item Code | C2: REAGEN | D2: Qty/kit | E2: AVG Sampel per bulan 2022 | F2: AVG Sampel per bulan 2023 | G2: Saldo awal (Stok Juni 2026) | H2: PEMANTAUAN STOCK REAGEN LAB PK | AM2: QC | AN2: Total Pemakaian | AO2: Sisa stock ongoing | AP2: Buffer Stock | AR2: Tanggal PR | AT2: Tanggal PR | AV2: Tanggal Terima | AX2: Penambahan stock | BA2: Saldo akhir | BB2: NOTE
H3: 1 | I3: 2 | J3: 3 | K3: 4 | L3: 5 | M3: 6 | N3: 7 | O3: 8 | P3: 9 | Q3: 10 | R3: 11 | S3: 12 | T3: 13 | U3: 14 | V3: 15 | W3: 16 | X3: 17 | Y3: 18 | Z3: 19 | AA3: 20 | AB3: 21 | AC3: 22 | AD3: 23 | AE3: 24 | AF3: 25 | AG3: 26 | AH3: 27 | AI3: 28 | AJ3: 29 | AK3: 30 | AL3: 31 | AP3: Qty | AQ3: Satuan | AR3: Reagent 1 | AS3: Kit | AT3: Reagent 2 | AU3: Kit | AV3: Reagent 1 | AW3: Reagent 2 | AX3: Order ke 1 | AY3: Order ke 2 | AZ3: Jumlah
A4: =AO4 -> 16 | C4: Ca 15-3 | D4: 30 | E4: 22 | F4: 19 | G4: 29 | H4: {=IFERROR(INDEX(PQ_Juli!$B$2:$AF$1048,MATCH($C4,PQ_Juli!$A$2:$A$1048,0),MATCH(H$3&"",PQ_Juli!$B$1:$AF$1&"",0)),0)} -> 0 | I4: {=IFERROR(INDEX(PQ_Juli!$B$2:$AF$1048,MATCH($C4,PQ_Juli!$A$2:$A$1048,0),MATCH(I$3&"",PQ_Juli!$B$1:$AF$1&"",0)),0)} -> 0 | J4: {=IFERROR(INDEX(PQ_Juli!$B$2:$AF$1048,MATCH($C4,PQ_Juli!$A$2:$A$1048,0),MATCH(J$3&"",PQ_Juli!$B$1:$AF$1&"",0)),0)} -> 1 | K4: {=IFERROR(INDEX(PQ_Juli!$B$2:$AF$1048,MATCH($C4,PQ_Juli!$A$2:$A$1048,0),MATCH(K$3&"",PQ_Juli!$B$1:$AF$1&"",0)),0)} -> 0 | M4: {=IFERROR(INDEX(PQ_Juli!$B$2:$AF$1048,MATCH($C4,PQ_Juli!$A$2:$A$1048,0),MATCH(M$3&"",PQ_Juli!$B$1:$AF$1&"",0)),0)} -> 0 | N4: {=IFERROR(INDEX(PQ_Juli!$B$2:$AF$1048,MATCH($C4,PQ_Juli!$A$2:$A$1048,0),MATCH(N$3&"",PQ_Juli!$B$1:$AF$1&"",0)),0)} -> 1 | O4: {=IFERROR(INDEX(PQ_Juli!$B$2:$AF$1048,MATCH($C4,PQ_Juli!$A$2:$A$1048,0),MATCH(O$3&"",PQ_Juli!$B$1:$AF$1&"",0)),0)} -> 0 | P4: {=IFERROR(INDEX(PQ_Juli!$B$2:$AF$1048,MATCH($C4,PQ_Juli!$A$2:$A$1048,0),MATCH(P$3&"",PQ_Juli!$B$1:$AF$1&"",0)),0)} -> 0 | Q4: {=IFERROR(INDEX(PQ_Juli!$B$2:$AF$1048,MATCH($C4,PQ_Juli!$A$2:$A$1048,0),MATCH(Q$3&"",PQ_Juli!$B$1:$AF$1&"",0)),0)} -> 1 | R4: {=IFERROR(INDEX(PQ_Juli!$B$2:$AF$1048,MATCH($C4,PQ_Juli!$A$2:$A$1048,0),MATCH(R$3&"",PQ_Juli!$B$1:$AF$1&"",0)),0)} -> 0 | T4: {=IFERROR(INDEX(PQ_Juli!$B$2:$AF$1048,MATCH($C4,PQ_Juli!$A$2:$A$1048,0),MATCH(T$3&"",PQ_Juli!$B$1:$AF$1&"",0)),0)} -> 1 | U4: {=IFERROR(INDEX(PQ_Juli!$B$2:$AF$1048,MATCH($C4,PQ_Juli!$A$2:$A$1048,0),MATCH(U$3&"",PQ_Juli!$B$1:$AF$1&"",0)),0)} -> 0 | V4: {=IFERROR(INDEX(PQ_Juli!$B$2:$AF$1048,MATCH($C4,PQ_Juli!$A$2:$A$1048,0),MATCH(V$3&"",PQ_Juli!$B$1:$AF$1&"",0)),0)} -> 0 | W4: {=IFERROR(INDEX(PQ_Juli!$B$2:$AF$1048,MATCH($C4,PQ_Juli!$A$2:$A$1048,0),MATCH(W$3&"",PQ_Juli!$B$1:$AF$1&"",0)),0)} -> 1 | X4: {=IFERROR(INDEX(PQ_Juli!$B$2:$AF$1048,MATCH($C4,PQ_Juli!$A$2:$A$1048,0),MATCH(X$3&"",PQ_Juli!$B$1:$AF$1&"",0)),0)} -> 1 | Y4: {=IFERROR(INDEX(PQ_Juli!$B$2:$AF$1048,MATCH($C4,PQ_Juli!$A$2:$A$1048,0),MATCH(Y$3&"",PQ_Juli!$B$1:$AF$1&"",0)),0)} -> 0 | AA4: {=IFERROR(INDEX(PQ_Juli!$B$2:$AF$1048,MATCH($C4,PQ_Juli!$A$2:$A$1048,0),MATCH(AA$3&"",PQ_Juli!$B$1:$AF$1&"",0)),0)} -> 0 | AB4: {=IFERROR(INDEX(PQ_Juli!$B$2:$AF$1048,MATCH($C4,PQ_Juli!$A$2:$A$1048,0),MATCH(AB$3&"",PQ_Juli!$B$1:$AF$1&"",0)),0)} -> 1 | AC4: {=IFERROR(INDEX(PQ_Juli!$B$2:$AF$1048,MATCH($C4,PQ_Juli!$A$2:$A$1048,0),MATCH(AC$3&"",PQ_Juli!$B$1:$AF$1&"",0)),0)} -> 0 | AD4: {=IFERROR(INDEX(PQ_Juli!$B$2:$AF$1048,MATCH($C4,PQ_Juli!$A$2:$A$1048,0),MATCH(AD$3&"",PQ_Juli!$B$1:$AF$1&"",0)),0)} -> 0 | AE4: {=IFERROR(INDEX(PQ_Juli!$B$2:$AF$1048,MATCH($C4,PQ_Juli!$A$2:$A$1048,0),MATCH(AE$3&"",PQ_Juli!$B$1:$AF$1&"",0)),0)} -> 1 | AF4: {=IFERROR(INDEX(PQ_Juli!$B$2:$AF$1048,MATCH($C4,PQ_Juli!$A$2:$A$1048,0),MATCH(AF$3&"",PQ_Juli!$B$1:$AF$1&"",0)),0)} -> 0 | AH4: {=IFERROR(INDEX(PQ_Juli!$B$2:$AF$1048,MATCH($C4,PQ_Juli!$A$2:$A$1048,0),MATCH(AH$3&"",PQ_Juli!$B$1:$AF$1&"",0)),0)} -> 0 | AI4: {=IFERROR(INDEX(PQ_Juli!$B$2:$AF$1048,MATCH($C4,PQ_Juli!$A$2:$A$1048,0),MATCH(AI$3&"",PQ_Juli!$B$1:$AF$1&"",0)),0)} -> 1 | AJ4: {=IFERROR(INDEX(PQ_Juli!$B$2:$AF$1048,MATCH($C4,PQ_Juli!$A$2:$A$1048,0),MATCH(AJ$3&"",PQ_Juli!$B$1:$AF$1&"",0)),0)} -> 0 | AK4: {=IFERROR(INDEX(PQ_Juli!$B$2:$AF$1048,MATCH($C4,PQ_Juli!$A$2:$A$1048,0),MATCH(AK$3&"",PQ_Juli!$B$1:$AF$1&"",0)),0)} -> 0 | AL4: {=IFERROR(INDEX(PQ_Juli!$B$2:$AF$1048,MATCH($C4,PQ_Juli!$A$2:$A$1048,0),MATCH(AL$3&"",PQ_Juli!$B$1:$AF$1&"",0)),0)} -> 1 | AM4: 3 | AN4: =SUM(H4:AL4)+AM4 -> 13 | AO4: =(G4-AN4)+AZ4 -> 16 | AP4: 20 | AQ4: Pcs | AX4: =IFERROR(IF(AV4="",0,$D4*AS4),0) -> 0 | AY4: =IFERROR(IF(AW4="",0,$D4*AU4),0) -> 0 | AZ4: =AX4+AY4 -> 0 | BA4: =(G4-AN4)+AZ4 -> 16 | BN4: 4
A5: =AO5 -> 68 | C5: Ca 19-9 | D5: 30 | E5: 21 | F5: 21 | G5: 25 | H5: {=IFERROR(INDEX(PQ_Juli!$B$2:$AF$1048,MATCH($C5,PQ_Juli!$A$2:$A$1048,0),MATCH(H$3&"",PQ_Juli!$B$1:$AF$1&"",0)),0)} -> 2 | I5: {=IFERROR(INDEX(PQ_Juli!$B$2:$AF$1048,MATCH($C5,PQ_Juli!$A$2:$A$1048,0),MATCH(I$3&"",PQ_Juli!$B$1:$AF$1&"",0)),0)} -> 2 | J5: {=IFERROR(INDEX(PQ_Juli!$B$2:$AF$1048,MATCH($C5,PQ_Juli!$A$2:$A$1048,0),MATCH(J$3&"",PQ_Juli!$B$1:$AF$1&"",0)),0)} -> 3 | K5: {=IFERROR(INDEX(PQ_Juli!$B$2:$AF$1048,MATCH($C5,PQ_Juli!$A$2:$A$1048,0),MATCH(K$3&"",PQ_Juli!$B$1:$AF$1&"",0)),0)} -> 0 | M5: {=IFERROR(INDEX(PQ_Juli!$B$2:$AF$1048,MATCH($C5,PQ_Juli!$A$2:$A$1048,0),MATCH(M$3&"",PQ_Juli!$B$1:$AF$1&"",0)),0)} -> 0 | N5: {=IFERROR(INDEX(PQ_Juli!$B$2:$AF$1048,MATCH($C5,PQ_Juli!$A$2:$A$1048,0),MATCH(N$3&"",PQ_Juli!$B$1:$AF$1&"",0)),0)} -> 1 | O5: {=IFERROR(INDEX(PQ_Juli!$B$2:$AF$1048,MATCH($C5,PQ_Juli!$A$2:$A$1048,0),MATCH(O$3&"",PQ_Juli!$B$1:$AF$1&"",0)),0)} -> 0 | P5: {=IFERROR(INDEX(PQ_Juli!$B$2:$AF$1048,MATCH($C5,PQ_Juli!$A$2:$A$1048,0),MATCH(P$3&"",PQ_Juli!$B$1:$AF$1&"",0)),0)} -> 0 | Q5: {=IFERROR(INDEX(PQ_Juli!$B$2:$AF$1048,MATCH($C5,PQ_Juli!$A$2:$A$1048,0),MATCH(Q$3&"",PQ_Juli!$B$1:$AF$1&"",0)),0)} -> 1 | R5: {=IFERROR(INDEX(PQ_Juli!$B$2:$AF$1048,MATCH($C5,PQ_Juli!$A$2:$A$1048,0),MATCH(R$3&"",PQ_Juli!$B$1:$AF$1&"",0)),0)} -> 0 | T5: {=IFERROR(INDEX(PQ_Juli!$B$2:$AF$1048,MATCH($C5,PQ_Juli!$A$2:$A$1048,0),MATCH(T$3&"",PQ_Juli!$B$1:$AF$1&"",0)),0)} -> 0 | U5: {=IFERROR(INDEX(PQ_Juli!$B$2:$AF$1048,MATCH($C5,PQ_Juli!$A$2:$A$1048,0),MATCH(U$3&"",PQ_Juli!$B$1:$AF$1&"",0)),0)} -> 0 | V5: {=IFERROR(INDEX(PQ_Juli!$B$2:$AF$1048,MATCH($C5,PQ_Juli!$A$2:$A$1048,0),MATCH(V$3&"",PQ_Juli!$B$1:$AF$1&"",0)),0)} -> 0 | W5: {=IFERROR(INDEX(PQ_Juli!$B$2:$AF$1048,MATCH($C5,PQ_Juli!$A$2:$A$1048,0),MATCH(W$3&"",PQ_Juli!$B$1:$AF$1&"",0)),0)} -> 3 | X5: {=IFERROR(INDEX(PQ_Juli!$B$2:$AF$1048,MATCH($C5,PQ_Juli!$A$2:$A$1048,0),MATCH(X$3&"",PQ_Juli!$B$1:$AF$1&"",0)),0)} -> 0 | Y5: {=IFERROR(INDEX(PQ_Juli!$B$2:$AF$1048,MATCH($C5,PQ_Juli!$A$2:$A$1048,0),MATCH(Y$3&"",PQ_Juli!$B$1:$AF$1&"",0)),0)} -> 0 | AA5: {=IFERROR(INDEX(PQ_Juli!$B$2:$AF$1048,MATCH($C5,PQ_Juli!$A$2:$A$1048,0),MATCH(AA$3&"",PQ_Juli!$B$1:$AF$1&"",0)),0)} -> 0 | AB5: {=IFERROR(INDEX(PQ_Juli!$B$2:$AF$1048,MATCH($C5,PQ_Juli!$A$2:$A$1048,0),MATCH(AB$3&"",PQ_Juli!$B$1:$AF$1&"",0)),0)} -> 1 | AC5: {=IFERROR(INDEX(PQ_Juli!$B$2:$AF$1048,MATCH($C5,PQ_Juli!$A$2:$A$1048,0),MATCH(AC$3&"",PQ_Juli!$B$1:$AF$1&"",0)),0)} -> 0 | AD5: {=IFERROR(INDEX(PQ_Juli!$B$2:$AF$1048,MATCH($C5,PQ_Juli!$A$2:$A$1048,0),MATCH(AD$3&"",PQ_Juli!$B$1:$AF$1&"",0)),0)} -> 1 | AE5: {=IFERROR(INDEX(PQ_Juli!$B$2:$AF$1048,MATCH($C5,PQ_Juli!$A$2:$A$1048,0),MATCH(AE$3&"",PQ_Juli!$B$1:$AF$1&"",0)),0)} -> 0 | AF5: {=IFERROR(INDEX(PQ_Juli!$B$2:$AF$1048,MATCH($C5,PQ_Juli!$A$2:$A$1048,0),MATCH(AF$3&"",PQ_Juli!$B$1:$AF$1&"",0)),0)} -> 0 | AH5: {=IFERROR(INDEX(PQ_Juli!$B$2:$AF$1048,MATCH($C5,PQ_Juli!$A$2:$A$1048,0),MATCH(AH$3&"",PQ_Juli!$B$1:$AF$1&"",0)),0)} -> 0 | AI5: {=IFERROR(INDEX(PQ_Juli!$B$2:$AF$1048,MATCH($C5,PQ_Juli!$A$2:$A$1048,0),MATCH(AI$3&"",PQ_Juli!$B$1:$AF$1&"",0)),0)} -> 0 | AJ5: {=IFERROR(INDEX(PQ_Juli!$B$2:$AF$1048,MATCH($C5,PQ_Juli!$A$2:$A$1048,0),MATCH(AJ$3&"",PQ_Juli!$B$1:$AF$1&"",0)),0)} -> 0 | AK5: {=IFERROR(INDEX(PQ_Juli!$B$2:$AF$1048,MATCH($C5,PQ_Juli!$A$2:$A$1048,0),MATCH(AK$3&"",PQ_Juli!$B$1:$AF$1&"",0)),0)} -> 0 | AL5: {=IFERROR(INDEX(PQ_Juli!$B$2:$AF$1048,MATCH($C5,PQ_Juli!$A$2:$A$1048,0),MATCH(AL$3&"",PQ_Juli!$B$1:$AF$1&"",0)),0)} -> 0 | AM5: 3 | AN5: =SUM(H5:AL5)+AM5 -> 17 | AO5: =(G5-AN5)+AZ5 -> 68 | AP5: 20 | AQ5: Pcs | AR5: 46210 | AS5: 1 | AT5: 46232 | AU5: 1 | AV5: 46213 | AW5: 46234 | AX5: =IFERROR(IF(AV5="",0,$D5*AS5),0) -> 30 | AY5: =IFERROR(IF(AW5="",0,$D5*AU5),0) -> 30 | AZ5: =AX5+AY5 -> 60 | BA5: =(G5-AN5)+AZ5 -> 68 | BE5: Catatan : Kasih spare misal 10 sebelum mendekati buffer stock sudah muncul alarm | BN5: 37
A6: =AO6 -> #REF! | C6: Ca 125 | D6: 30 | E6: 41 | F6: 30 | G6: =#REF! -> #REF! | H6: {=IFERROR(INDEX(PQ_Juli!$B$2:$AF$1048,MATCH($C6,PQ_Juli!$A$2:$A$1048,0),MATCH(H$3&"",PQ_Juli!$B$1:$AF$1&"",0)),0)} -> 2 | I6: {=IFERROR(INDEX(PQ_Juli!$B$2:$AF$1048,MATCH($C6,PQ_Juli!$A$2:$A$1048,0),MATCH(I$3&"",PQ_Juli!$B$1:$AF$1&"",0)),0)} -> 0 | J6: {=IFERROR(INDEX(PQ_Juli!$B$2:$AF$1048,MATCH($C6,PQ_Juli!$A$2:$A$1048,0),MATCH(J$3&"",PQ_Juli!$B$1:$AF$1&"",0)),0)} -> 1 | K6: {=IFERROR(INDEX(PQ_Juli!$B$2:$AF$1048,MATCH($C6,PQ_Juli!$A$2:$A$1048,0),MATCH(K$3&"",PQ_Juli!$B$1:$AF$1&"",0)),0)} -> 1 | M6: {=IFERROR(INDEX(PQ_Juli!$B$2:$AF$1048,MATCH($C6,PQ_Juli!$A$2:$A$1048,0),MATCH(M$3&"",PQ_Juli!$B$1:$AF$1&"",0)),0)} -> 0 | N6: {=IFERROR(INDEX(PQ_Juli!$B$2:$AF$1048,MATCH($C6,PQ_Juli!$A$2:$A$1048,0),MATCH(N$3&"",PQ_Juli!$B$1:$AF$1&"",0)),0)} -> 0 | O6: {=IFERROR(INDEX(PQ_Juli!$B$2:$AF$1048,MATCH($C6,PQ_Juli!$A$2:$A$1048,0),MATCH(O$3&"",PQ_Juli!$B$1:$AF$1&"",0)),0)} -> 0 | P6: {=IFERROR(INDEX(PQ_Juli!$B$2:$AF$1048,MATCH($C6,PQ_Juli!$A$2:$A$1048,0),MATCH(P$3&"",PQ_Juli!$B$1:$AF$1&"",0)),0)} -> 0 | Q6: {=IFERROR(INDEX(PQ_Juli!$B$2:$AF$1048,MATCH($C6,PQ_Juli!$A$2:$A$1048,0),MATCH(Q$3&"",PQ_Juli!$B$1:$AF$1&"",0)),0)} -> 2 | R6: {=IFERROR(INDEX(PQ_Juli!$B$2:$AF$1048,MATCH($C6,PQ_Juli!$A$2:$A$1048,0),MATCH(R$3&"",PQ_Juli!$B$1:$AF$1&"",0)),0)} -> 0 | T6: {=IFERROR(INDEX(PQ_Juli!$B$2:$AF$1048,MATCH($C6,PQ_Juli!$A$2:$A$1048,0),MATCH(T$3&"",PQ_Juli!$B$1:$AF$1&"",0)),0)} -> 2 | U6: {=IFERROR(INDEX(PQ_Juli!$B$2:$AF$1048,MATCH($C6,PQ_Juli!$A$2:$A$1048,0),MATCH(U$3&"",PQ_Juli!$B$1:$AF$1&"",0)),0)} -> 0 | V6: {=IFERROR(INDEX(PQ_Juli!$B$2:$AF$1048,MATCH($C6,PQ_Juli!$A$2:$A$1048,0),MATCH(V$3&"",PQ_Juli!$B$1:$AF$1&"",0)),0)} -> 0 | W6: {=IFERROR(INDEX(PQ_Juli!$B$2:$AF$1048,MATCH($C6,PQ_Juli!$A$2:$A$1048,0),MATCH(W$3&"",PQ_Juli!$B$1:$AF$1&"",0)),0)} -> 2 | X6: {=IFERROR(INDEX(PQ_Juli!$B$2:$AF$1048,MATCH($C6,PQ_Juli!$A$2:$A$1048,0),MATCH(X$3&"",PQ_Juli!$B$1:$AF$1&"",0)),0)} -> 0 | Y6: {=IFERROR(INDEX(PQ_Juli!$B$2:$AF$1048,MATCH($C6,PQ_Juli!$A$2:$A$1048,0),MATCH(Y$3&"",PQ_Juli!$B$1:$AF$1&"",0)),0)} -> 0 | AA6: {=IFERROR(INDEX(PQ_Juli!$B$2:$AF$1048,MATCH($C6,PQ_Juli!$A$2:$A$1048,0),MATCH(AA$3&"",PQ_Juli!$B$1:$AF$1&"",0)),0)} -> 0 | AB6: {=IFERROR(INDEX(PQ_Juli!$B$2:$AF$1048,MATCH($C6,PQ_Juli!$A$2:$A$1048,0),MATCH(AB$3&"",PQ_Juli!$B$1:$AF$1&"",0)),0)} -> 1 | AC6: {=IFERROR(INDEX(PQ_Juli!$B$2:$AF$1048,MATCH($C6,PQ_Juli!$A$2:$A$1048,0),MATCH(AC$3&"",PQ_Juli!$B$1:$AF$1&"",0)),0)} -> 0 | AD6: {=IFERROR(INDEX(PQ_Juli!$B$2:$AF$1048,MATCH($C6,PQ_Juli!$A$2:$A$1048,0),MATCH(AD$3&"",PQ_Juli!$B$1:$AF$1&"",0)),0)} -> 0 | AE6: {=IFERROR(INDEX(PQ_Juli!$B$2:$AF$1048,MATCH($C6,PQ_Juli!$A$2:$A$1048,0),MATCH(AE$3&"",PQ_Juli!$B$1:$AF$1&"",0)),0)} -> 1 | AF6: {=IFERROR(INDEX(PQ_Juli!$B$2:$AF$1048,MATCH($C6,PQ_Juli!$A$2:$A$1048,0),MATCH(AF$3&"",PQ_Juli!$B$1:$AF$1&"",0)),0)} -> 0 | AH6: {=IFERROR(INDEX(PQ_Juli!$B$2:$AF$1048,MATCH($C6,PQ_Juli!$A$2:$A$1048,0),MATCH(AH$3&"",PQ_Juli!$B$1:$AF$1&"",0)),0)} -> 0 | AI6: {=IFERROR(INDEX(PQ_Juli!$B$2:$AF$1048,MATCH($C6,PQ_Juli!$A$2:$A$1048,0),MATCH(AI$3&"",PQ_Juli!$B$1:$AF$1&"",0)),0)} -> 1 | AJ6: {=IFERROR(INDEX(PQ_Juli!$B$2:$AF$1048,MATCH($C6,PQ_Juli!$A$2:$A$1048,0),MATCH(AJ$3&"",PQ_Juli!$B$1:$AF$1&"",0)),0)} -> 0 | AK6: {=IFERROR(INDEX(PQ_Juli!$B$2:$AF$1048,MATCH($C6,PQ_Juli!$A$2:$A$1048,0),MATCH(AK$3&"",PQ_Juli!$B$1:$AF$1&"",0)),0)} -> 0 | AL6: {=IFERROR(INDEX(PQ_Juli!$B$2:$AF$1048,MATCH($C6,PQ_Juli!$A$2:$A$1048,0),MATCH(AL$3&"",PQ_Juli!$B$1:$AF$1&"",0)),0)} -> 1 | AM6: 3 | AN6: =SUM(H6:AL6)+AM6 -> 17 | AO6: =(G6-AN6)+AZ6 -> #REF! | AP6: 20 | AQ6: Pcs | AX6: =IFERROR(IF(AV6="",0,$D6*AS6),0) -> 0 | AY6: =IFERROR(IF(AW6="",0,$D6*AU6),0) -> 0 | AZ6: =AX6+AY6 -> 0 | BA6: =(G6-AN6)+AZ6 -> #REF! | BN6: 46
A7: =AO7 -> #REF! | C7: Testosteron | D7: 30 | E7: 11 | F7: 15 | G7: =#REF! -> #REF! | H7: {=IFERROR(INDEX(PQ_Juli!$B$2:$AF$1048,MATCH($C7,PQ_Juli!$A$2:$A$1048,0),MATCH(H$3&"",PQ_Juli!$B$1:$AF$1&"",0)),0)} -> 0 | I7: {=IFERROR(INDEX(PQ_Juli!$B$2:$AF$1048,MATCH($C7,PQ_Juli!$A$2:$A$1048,0),MATCH(I$3&"",PQ_Juli!$B$1:$AF$1&"",0)),0)} -> 4 | J7: {=IFERROR(INDEX(PQ_Juli!$B$2:$AF$1048,MATCH($C7,PQ_Juli!$A$2:$A$1048,0),MATCH(J$3&"",PQ_Juli!$B$1:$AF$1&"",0)),0)} -> 0 | K7: {=IFERROR(INDEX(PQ_Juli!$B$2:$AF$1048,MATCH($C7,PQ_Juli!$A$2:$A$1048,0),MATCH(K$3&"",PQ_Juli!$B$1:$AF$1&"",0)),0)} -> 1 | M7: {=IFERROR(INDEX(PQ_Juli!$B$2:$AF$1048,MATCH($C7,PQ_Juli!$A$2:$A$1048,0),MATCH(M$3&"",PQ_Juli!$B$1:$AF$1&"",0)),0)} -> 1 | N7: {=IFERROR(INDEX(PQ_Juli!$B$2:$AF$1048,MATCH($C7,PQ_Juli!$A$2:$A$1048,0),MATCH(N$3&"",PQ_Juli!$B$1:$AF$1&"",0)),0)} -> 0 | O7: {=IFERROR(INDEX(PQ_Juli!$B$2:$AF$1048,MATCH($C7,PQ_Juli!$A$2:$A$1048,0),MATCH(O$3&"",PQ_Juli!$B$1:$AF$1&"",0)),0)} -> 0 | P7: {=IFERROR(INDEX(PQ_Juli!$B$2:$AF$1048,MATCH($C7,PQ_Juli!$A$2:$A$1048,0),MATCH(P$3&"",PQ_Juli!$B$1:$AF$1&"",0)),0)} -> 1 | Q7: {=IFERROR(INDEX(PQ_Juli!$B$2:$AF$1048,MATCH($C7,PQ_Juli!$A$2:$A$1048,0),MATCH(Q$3&"",PQ_Juli!$B$1:$AF$1&"",0)),0)} -> 0 | R7: {=IFERROR(INDEX(PQ_Juli!$B$2:$AF$1048,MATCH($C7,PQ_Juli!$A$2:$A$1048,0),MATCH(R$3&"",PQ_Juli!$B$1:$AF$1&"",0)),0)} -> 1 | T7: {=IFERROR(INDEX(PQ_Juli!$B$2:$AF$1048,MATCH($C7,PQ_Juli!$A$2:$A$1048,0),MATCH(T$3&"",PQ_Juli!$B$1:$AF$1&"",0)),0)} -> 2 | U7: {=IFERROR(INDEX(PQ_Juli!$B$2:$AF$1048,MATCH($C7,PQ_Juli!$A$2:$A$1048,0),MATCH(U$3&"",PQ_Juli!$B$1:$AF$1&"",0)),0)} -> 0 | V7: {=IFERROR(INDEX(PQ_Juli!$B$2:$AF$1048,MATCH($C7,PQ_Juli!$A$2:$A$1048,0),MATCH(V$3&"",PQ_Juli!$B$1:$AF$1&"",0)),0)} -> 3 | W7: {=IFERROR(INDEX(PQ_Juli!$B$2:$AF$1048,MATCH($C7,PQ_Juli!$A$2:$A$1048,0),MATCH(W$3&"",PQ_Juli!$B$1:$AF$1&"",0)),0)} -> 1 | X7: {=IFERROR(INDEX(PQ_Juli!$B$2:$AF$1048,MATCH($C7,PQ_Juli!$A$2:$A$1048,0),MATCH(X$3&"",PQ_Juli!$B$1:$AF$1&"",0)),0)} -> 4 | Y7: {=IFERROR(INDEX(PQ_Juli!$B$2:$AF$1048,MATCH($C7,PQ_Juli!$A$2:$A$1048,0),MATCH(Y$3&"",PQ_Juli!$B$1:$AF$1&"",0)),0)} -> 0 | AA7: {=IFERROR(INDEX(PQ_Juli!$B$2:$AF$1048,MATCH($C7,PQ_Juli!$A$2:$A$1048,0),MATCH(AA$3&"",PQ_Juli!$B$1:$AF$1&"",0)),0)} -> 2 | AB7: {=IFERROR(INDEX(PQ_Juli!$B$2:$AF$1048,MATCH($C7,PQ_Juli!$A$2:$A$1048,0),MATCH(AB$3&"",PQ_Juli!$B$1:$AF$1&"",0)),0)} -> 0 | AC7: {=IFERROR(INDEX(PQ_Juli!$B$2:$AF$1048,MATCH($C7,PQ_Juli!$A$2:$A$1048,0),MATCH(AC$3&"",PQ_Juli!$B$1:$AF$1&"",0)),0)} -> 1 | AD7: {=IFERROR(INDEX(PQ_Juli!$B$2:$AF$1048,MATCH($C7,PQ_Juli!$A$2:$A$1048,0),MATCH(AD$3&"",PQ_Juli!$B$1:$AF$1&"",0)),0)} -> 1 | AE7: {=IFERROR(INDEX(PQ_Juli!$B$2:$AF$1048,MATCH($C7,PQ_Juli!$A$2:$A$1048,0),MATCH(AE$3&"",PQ_Juli!$B$1:$AF$1&"",0)),0)} -> 0 | AF7: {=IFERROR(INDEX(PQ_Juli!$B$2:$AF$1048,MATCH($C7,PQ_Juli!$A$2:$A$1048,0),MATCH(AF$3&"",PQ_Juli!$B$1:$AF$1&"",0)),0)} -> 0 | AH7: {=IFERROR(INDEX(PQ_Juli!$B$2:$AF$1048,MATCH($C7,PQ_Juli!$A$2:$A$1048,0),MATCH(AH$3&"",PQ_Juli!$B$1:$AF$1&"",0)),0)} -> 2 | AI7: {=IFERROR(INDEX(PQ_Juli!$B$2:$AF$1048,MATCH($C7,PQ_Juli!$A$2:$A$1048,0),MATCH(AI$3&"",PQ_Juli!$B$1:$AF$1&"",0)),0)} -> 0 | AJ7: {=IFERROR(INDEX(PQ_Juli!$B$2:$AF$1048,MATCH($C7,PQ_Juli!$A$2:$A$1048,0),MATCH(AJ$3&"",PQ_Juli!$B$1:$AF$1&"",0)),0)} -> 0 | AK7: {=IFERROR(INDEX(PQ_Juli!$B$2:$AF$1048,MATCH($C7,PQ_Juli!$A$2:$A$1048,0),MATCH(AK$3&"",PQ_Juli!$B$1:$AF$1&"",0)),0)} -> 1 | AL7: {=IFERROR(INDEX(PQ_Juli!$B$2:$AF$1048,MATCH($C7,PQ_Juli!$A$2:$A$1048,0),MATCH(AL$3&"",PQ_Juli!$B$1:$AF$1&"",0)),0)} -> 2 | AM7: 3 | AN7: =SUM(H7:AL7)+AM7 -> 30 | AO7: =(G7-AN7)+AZ7 -> #REF! | AP7: 20 | AQ7: Pcs | AR7: 46225 | AS7: 1 | AV7: 46231 | AX7: =IFERROR(IF(AV7="",0,$D7*AS7),0) -> 30 | AY7: =IFERROR(IF(AW7="",0,$D7*AU7),0) -> 0 | AZ7: =AX7+AY7 -> 30 | BA7: =(G7-AN7)+AZ7 -> #REF! | BD7: Warna | BE7: Definisi Warna | BN7: 2
A8: =AO8 -> #REF! | C8: LH | D8: 60 | E8: 6 | F8: 10 | G8: =#REF! -> #REF! | H8: {=IFERROR(INDEX(PQ_Juli!$B$2:$AF$1048,MATCH($C8,PQ_Juli!$A$2:$A$1048,0),MATCH(H$3&"",PQ_Juli!$B$1:$AF$1&"",0)),0)} -> 0 | I8: {=IFERROR(INDEX(PQ_Juli!$B$2:$AF$1048,MATCH($C8,PQ_Juli!$A$2:$A$1048,0),MATCH(I$3&"",PQ_Juli!$B$1:$AF$1&"",0)),0)} -> 0 | J8: {=IFERROR(INDEX(PQ_Juli!$B$2:$AF$1048,MATCH($C8,PQ_Juli!$A$2:$A$1048,0),MATCH(J$3&"",PQ_Juli!$B$1:$AF$1&"",0)),0)} -> 0 | K8: {=IFERROR(INDEX(PQ_Juli!$B$2:$AF$1048,MATCH($C8,PQ_Juli!$A$2:$A$1048,0),MATCH(K$3&"",PQ_Juli!$B$1:$AF$1&"",0)),0)} -> 1 | M8: {=IFERROR(INDEX(PQ_Juli!$B$2:$AF$1048,MATCH($C8,PQ_Juli!$A$2:$A$1048,0),MATCH(M$3&"",PQ_Juli!$B$1:$AF$1&"",0)),0)} -> 0 | N8: {=IFERROR(INDEX(PQ_Juli!$B$2:$AF$1048,MATCH($C8,PQ_Juli!$A$2:$A$1048,0),MATCH(N$3&"",PQ_Juli!$B$1:$AF$1&"",0)),0)} -> 0 | O8: {=IFERROR(INDEX(PQ_Juli!$B$2:$AF$1048,MATCH($C8,PQ_Juli!$A$2:$A$1048,0),MATCH(O$3&"",PQ_Juli!$B$1:$AF$1&"",0)),0)} -> 0 | P8: {=IFERROR(INDEX(PQ_Juli!$B$2:$AF$1048,MATCH($C8,PQ_Juli!$A$2:$A$1048,0),MATCH(P$3&"",PQ_Juli!$B$1:$AF$1&"",0)),0)} -> 0 | Q8: {=IFERROR(INDEX(PQ_Juli!$B$2:$AF$1048,MATCH($C8,PQ_Juli!$A$2:$A$1048,0),MATCH(Q$3&"",PQ_Juli!$B$1:$AF$1&"",0)),0)} -> 1 | R8: {=IFERROR(INDEX(PQ_Juli!$B$2:$AF$1048,MATCH($C8,PQ_Juli!$A$2:$A$1048,0),MATCH(R$3&"",PQ_Juli!$B$1:$AF$1&"",0)),0)} -> 2 | T8: {=IFERROR(INDEX(PQ_Juli!$B$2:$AF$1048,MATCH($C8,PQ_Juli!$A$2:$A$1048,0),MATCH(T$3&"",PQ_Juli!$B$1:$AF$1&"",0)),0)} -> 1 | U8: {=IFERROR(INDEX(PQ_Juli!$B$2:$AF$1048,MATCH($C8,PQ_Juli!$A$2:$A$1048,0),MATCH(U$3&"",PQ_Juli!$B$1:$AF$1&"",0)),0)} -> 0 | V8: {=IFERROR(INDEX(PQ_Juli!$B$2:$AF$1048,MATCH($C8,PQ_Juli!$A$2:$A$1048,0),MATCH(V$3&"",PQ_Juli!$B$1:$AF$1&"",0)),0)} -> 2 | W8: {=IFERROR(INDEX(PQ_Juli!$B$2:$AF$1048,MATCH($C8,PQ_Juli!$A$2:$A$1048,0),MATCH(W$3&"",PQ_Juli!$B$1:$AF$1&"",0)),0)} -> 1 | X8: {=IFERROR(INDEX(PQ_Juli!$B$2:$AF$1048,MATCH($C8,PQ_Juli!$A$2:$A$1048,0),MATCH(X$3&"",PQ_Juli!$B$1:$AF$1&"",0)),0)} -> 2 | Y8: {=IFERROR(INDEX(PQ_Juli!$B$2:$AF$1048,MATCH($C8,PQ_Juli!$A$2:$A$1048,0),MATCH(Y$3&"",PQ_Juli!$B$1:$AF$1&"",0)),0)} -> 0 | AA8: {=IFERROR(INDEX(PQ_Juli!$B$2:$AF$1048,MATCH($C8,PQ_Juli!$A$2:$A$1048,0),MATCH(AA$3&"",PQ_Juli!$B$1:$AF$1&"",0)),0)} -> 1 | AB8: {=IFERROR(INDEX(PQ_Juli!$B$2:$AF$1048,MATCH($C8,PQ_Juli!$A$2:$A$1048,0),MATCH(AB$3&"",PQ_Juli!$B$1:$AF$1&"",0)),0)} -> 0 | AC8: {=IFERROR(INDEX(PQ_Juli!$B$2:$AF$1048,MATCH($C8,PQ_Juli!$A$2:$A$1048,0),MATCH(AC$3&"",PQ_Juli!$B$1:$AF$1&"",0)),0)} -> 3 | AD8: {=IFERROR(INDEX(PQ_Juli!$B$2:$AF$1048,MATCH($C8,PQ_Juli!$A$2:$A$1048,0),MATCH(AD$3&"",PQ_Juli!$B$1:$AF$1&"",0)),0)} -> 1 | AE8: {=IFERROR(INDEX(PQ_Juli!$B$2:$AF$1048,MATCH($C8,PQ_Juli!$A$2:$A$1048,0),MATCH(AE$3&"",PQ_Juli!$B$1:$AF$1&"",0)),0)} -> 0 | AF8: {=IFERROR(INDEX(PQ_Juli!$B$2:$AF$1048,MATCH($C8,PQ_Juli!$A$2:$A$1048,0),MATCH(AF$3&"",PQ_Juli!$B$1:$AF$1&"",0)),0)} -> 1 | AH8: {=IFERROR(INDEX(PQ_Juli!$B$2:$AF$1048,MATCH($C8,PQ_Juli!$A$2:$A$1048,0),MATCH(AH$3&"",PQ_Juli!$B$1:$AF$1&"",0)),0)} -> 0 | AI8: {=IFERROR(INDEX(PQ_Juli!$B$2:$AF$1048,MATCH($C8,PQ_Juli!$A$2:$A$1048,0),MATCH(AI$3&"",PQ_Juli!$B$1:$AF$1&"",0)),0)} -> 1 | AJ8: {=IFERROR(INDEX(PQ_Juli!$B$2:$AF$1048,MATCH($C8,PQ_Juli!$A$2:$A$1048,0),MATCH(AJ$3&"",PQ_Juli!$B$1:$AF$1&"",0)),0)} -> 0 | AK8: {=IFERROR(INDEX(PQ_Juli!$B$2:$AF$1048,MATCH($C8,PQ_Juli!$A$2:$A$1048,0),MATCH(AK$3&"",PQ_Juli!$B$1:$AF$1&"",0)),0)} -> 0 | AL8: {=IFERROR(INDEX(PQ_Juli!$B$2:$AF$1048,MATCH($C8,PQ_Juli!$A$2:$A$1048,0),MATCH(AL$3&"",PQ_Juli!$B$1:$AF$1&"",0)),0)} -> 1 | AM8: 3 | AN8: =SUM(H8:AL8)+AM8 -> 21 | AO8: =(G8-AN8)+AZ8 -> #REF! | AP8: 20 | AQ8: Pcs | AX8: =IFERROR(IF(AV8="",0,$D8*AS8),0) -> 0 | AY8: =IFERROR(IF(AW8="",0,$D8*AU8),0) -> 0 | AZ8: =AX8+AY8 -> 0 | BA8: =(G8-AN8)+AZ8 -> #REF! | BE8: Sudah mendekati Buffer Stock (Harus mulai dipesan barangnya) | BN8: 19
A9: =AO9 -> 63 | C9: FSH | D9: 60 | E9: 7 | F9: 14 | G9: 44 | H9: {=IFERROR(INDEX(PQ_Juli!$B$2:$AF$1048,MATCH($C9,PQ_Juli!$A$2:$A$1048,0),MATCH(H$3&"",PQ_Juli!$B$1:$AF$1&"",0)),0)} -> 0 | I9: {=IFERROR(INDEX(PQ_Juli!$B$2:$AF$1048,MATCH($C9,PQ_Juli!$A$2:$A$1048,0),MATCH(I$3&"",PQ_Juli!$B$1:$AF$1&"",0)),0)} -> 2 | J9: {=IFERROR(INDEX(PQ_Juli!$B$2:$AF$1048,MATCH($C9,PQ_Juli!$A$2:$A$1048,0),MATCH(J$3&"",PQ_Juli!$B$1:$AF$1&"",0)),0)} -> 1 | K9: {=IFERROR(INDEX(PQ_Juli!$B$2:$AF$1048,MATCH($C9,PQ_Juli!$A$2:$A$1048,0),MATCH(K$3&"",PQ_Juli!$B$1:$AF$1&"",0)),0)} -> 0 | M9: {=IFERROR(INDEX(PQ_Juli!$B$2:$AF$1048,MATCH($C9,PQ_Juli!$A$2:$A$1048,0),MATCH(M$3&"",PQ_Juli!$B$1:$AF$1&"",0)),0)} -> 1 | N9: {=IFERROR(INDEX(PQ_Juli!$B$2:$AF$1048,MATCH($C9,PQ_Juli!$A$2:$A$1048,0),MATCH(N$3&"",PQ_Juli!$B$1:$AF$1&"",0)),0)} -> 2 | O9: {=IFERROR(INDEX(PQ_Juli!$B$2:$AF$1048,MATCH($C9,PQ_Juli!$A$2:$A$1048,0),MATCH(O$3&"",PQ_Juli!$B$1:$AF$1&"",0)),0)} -> 0 | P9: {=IFERROR(INDEX(PQ_Juli!$B$2:$AF$1048,MATCH($C9,PQ_Juli!$A$2:$A$1048,0),MATCH(P$3&"",PQ_Juli!$B$1:$AF$1&"",0)),0)} -> 0 | Q9: {=IFERROR(INDEX(PQ_Juli!$B$2:$AF$1048,MATCH($C9,PQ_Juli!$A$2:$A$1048,0),MATCH(Q$3&"",PQ_Juli!$B$1:$AF$1&"",0)),0)} -> 1 | R9: {=IFERROR(INDEX(PQ_Juli!$B$2:$AF$1048,MATCH($C9,PQ_Juli!$A$2:$A$1048,0),MATCH(R$3&"",PQ_Juli!$B$1:$AF$1&"",0)),0)} -> 3 | T9: {=IFERROR(INDEX(PQ_Juli!$B$2:$AF$1048,MATCH($C9,PQ_Juli!$A$2:$A$1048,0),MATCH(T$3&"",PQ_Juli!$B$1:$AF$1&"",0)),0)} -> 2 | U9: {=IFERROR(INDEX(PQ_Juli!$B$2:$AF$1048,MATCH($C9,PQ_Juli!$A$2:$A$1048,0),MATCH(U$3&"",PQ_Juli!$B$1:$AF$1&"",0)),0)} -> 2 | V9: {=IFERROR(INDEX(PQ_Juli!$B$2:$AF$1048,MATCH($C9,PQ_Juli!$A$2:$A$1048,0),MATCH(V$3&"",PQ_Juli!$B$1:$AF$1&"",0)),0)} -> 4 | W9: {=IFERROR(INDEX(PQ_Juli!$B$2:$AF$1048,MATCH($C9,PQ_Juli!$A$2:$A$1048,0),MATCH(W$3&"",PQ_Juli!$B$1:$AF$1&"",0)),0)} -> 1 | X9: {=IFERROR(INDEX(PQ_Juli!$B$2:$AF$1048,MATCH($C9,PQ_Juli!$A$2:$A$1048,0),MATCH(X$3&"",PQ_Juli!$B$1:$AF$1&"",0)),0)} -> 1 | Y9: {=IFERROR(INDEX(PQ_Juli!$B$2:$AF$1048,MATCH($C9,PQ_Juli!$A$2:$A$1048,0),MATCH(Y$3&"",PQ_Juli!$B$1:$AF$1&"",0)),0)} -> 0 | AA9: {=IFERROR(INDEX(PQ_Juli!$B$2:$AF$1048,MATCH($C9,PQ_Juli!$A$2:$A$1048,0),MATCH(AA$3&"",PQ_Juli!$B$1:$AF$1&"",0)),0)} -> 1 | AB9: {=IFERROR(INDEX(PQ_Juli!$B$2:$AF$1048,MATCH($C9,PQ_Juli!$A$2:$A$1048,0),MATCH(AB$3&"",PQ_Juli!$B$1:$AF$1&"",0)),0)} -> 2 | AC9: {=IFERROR(INDEX(PQ_Juli!$B$2:$AF$1048,MATCH($C9,PQ_Juli!$A$2:$A$1048,0),MATCH(AC$3&"",PQ_Juli!$B$1:$AF$1&"",0)),0)} -> 2 | AD9: {=IFERROR(INDEX(PQ_Juli!$B$2:$AF$1048,MATCH($C9,PQ_Juli!$A$2:$A$1048,0),MATCH(AD$3&"",PQ_Juli!$B$1:$AF$1&"",0)),0)} -> 0 | AE9: {=IFERROR(INDEX(PQ_Juli!$B$2:$AF$1048,MATCH($C9,PQ_Juli!$A$2:$A$1048,0),MATCH(AE$3&"",PQ_Juli!$B$1:$AF$1&"",0)),0)} -> 2 | AF9: {=IFERROR(INDEX(PQ_Juli!$B$2:$AF$1048,MATCH($C9,PQ_Juli!$A$2:$A$1048,0),MATCH(AF$3&"",PQ_Juli!$B$1:$AF$1&"",0)),0)} -> 0 | AH9: {=IFERROR(INDEX(PQ_Juli!$B$2:$AF$1048,MATCH($C9,PQ_Juli!$A$2:$A$1048,0),MATCH(AH$3&"",PQ_Juli!$B$1:$AF$1&"",0)),0)} -> 2 | AI9: {=IFERROR(INDEX(PQ_Juli!$B$2:$AF$1048,MATCH($C9,PQ_Juli!$A$2:$A$1048,0),MATCH(AI$3&"",PQ_Juli!$B$1:$AF$1&"",0)),0)} -> 1 | AJ9: {=IFERROR(INDEX(PQ_Juli!$B$2:$AF$1048,MATCH($C9,PQ_Juli!$A$2:$A$1048,0),MATCH(AJ$3&"",PQ_Juli!$B$1:$AF$1&"",0)),0)} -> 1 | AK9: {=IFERROR(INDEX(PQ_Juli!$B$2:$AF$1048,MATCH($C9,PQ_Juli!$A$2:$A$1048,0),MATCH(AK$3&"",PQ_Juli!$B$1:$AF$1&"",0)),0)} -> 1 | AL9: {=IFERROR(INDEX(PQ_Juli!$B$2:$AF$1048,MATCH($C9,PQ_Juli!$A$2:$A$1048,0),MATCH(AL$3&"",PQ_Juli!$B$1:$AF$1&"",0)),0)} -> 3 | AM9: 6 | AN9: =SUM(H9:AL9)+AM9 -> 41 | AO9: =(G9-AN9)+AZ9 -> 63 | AP9: 20 | AQ9: Pcs | AR9: 46219 | AS9: 1 | AV9: 46231 | AX9: =IFERROR(IF(AV9="",0,$D9*AS9),0) -> 60 | AY9: =IFERROR(IF(AW9="",0,$D9*AU9),0) -> 0 | AZ9: =AX9+AY9 -> 60 | BA9: =(G9-AN9)+AZ9 -> 63 | BE9: Dibawah Buffer Stock (CITO untuk pemesanan barangnya) | BN9: 4
A10: =AO10 -> 34 | C10: T3 Total | D10: 60 | E10: 21 | F10: 17 | G10: 64 | H10: {=IFERROR(INDEX(PQ_Juli!$B$2:$AF$1048,MATCH($C10,PQ_Juli!$A$2:$A$1048,0),MATCH(H$3&"",PQ_Juli!$B$1:$AF$1&"",0)),0)} -> 0 | I10: {=IFERROR(INDEX(PQ_Juli!$B$2:$AF$1048,MATCH($C10,PQ_Juli!$A$2:$A$1048,0),MATCH(I$3&"",PQ_Juli!$B$1:$AF$1&"",0)),0)} -> 0 | J10: 0 | K10: {=IFERROR(INDEX(PQ_Juli!$B$2:$AF$1048,MATCH($C10,PQ_Juli!$A$2:$A$1048,0),MATCH(K$3&"",PQ_Juli!$B$1:$AF$1&"",0)),0)} -> 1 | M10: 0 | N10: {=IFERROR(INDEX(PQ_Juli!$B$2:$AF$1048,MATCH($C10,PQ_Juli!$A$2:$A$1048,0),MATCH(N$3&"",PQ_Juli!$B$1:$AF$1&"",0)),0)} -> 3 | O10: {=IFERROR(INDEX(PQ_Juli!$B$2:$AF$1048,MATCH($C10,PQ_Juli!$A$2:$A$1048,0),MATCH(O$3&"",PQ_Juli!$B$1:$AF$1&"",0)),0)} -> 3 | P10: {=IFERROR(INDEX(PQ_Juli!$B$2:$AF$1048,MATCH($C10,PQ_Juli!$A$2:$A$1048,0),MATCH(P$3&"",PQ_Juli!$B$1:$AF$1&"",0)),0)} -> 0 | Q10: {=IFERROR(INDEX(PQ_Juli!$B$2:$AF$1048,MATCH($C10,PQ_Juli!$A$2:$A$1048,0),MATCH(Q$3&"",PQ_Juli!$B$1:$AF$1&"",0)),0)} -> 1 | R10: {=IFERROR(INDEX(PQ_Juli!$B$2:$AF$1048,MATCH($C10,PQ_Juli!$A$2:$A$1048,0),MATCH(R$3&"",PQ_Juli!$B$1:$AF$1&"",0)),0)} -> 0 | T10: {=IFERROR(INDEX(PQ_Juli!$B$2:$AF$1048,MATCH($C10,PQ_Juli!$A$2:$A$1048,0),MATCH(T$3&"",PQ_Juli!$B$1:$AF$1&"",0)),0)} -> 2 | U10: {=IFERROR(INDEX(PQ_Juli!$B$2:$AF$1048,MATCH($C10,PQ_Juli!$A$2:$A$1048,0),MATCH(U$3&"",PQ_Juli!$B$1:$AF$1&"",0)),0)} -> 0 | V10: {=IFERROR(INDEX(PQ_Juli!$B$2:$AF$1048,MATCH($C10,PQ_Juli!$A$2:$A$1048,0),MATCH(V$3&"",PQ_Juli!$B$1:$AF$1&"",0)),0)} -> 0 | W10: {=IFERROR(INDEX(PQ_Juli!$B$2:$AF$1048,MATCH($C10,PQ_Juli!$A$2:$A$1048,0),MATCH(W$3&"",PQ_Juli!$B$1:$AF$1&"",0)),0)} -> 2 | X10: {=IFERROR(INDEX(PQ_Juli!$B$2:$AF$1048,MATCH($C10,PQ_Juli!$A$2:$A$1048,0),MATCH(X$3&"",PQ_Juli!$B$1:$AF$1&"",0)),0)} -> 0 | Y10: {=IFERROR(INDEX(PQ_Juli!$B$2:$AF$1048,MATCH($C10,PQ_Juli!$A$2:$A$1048,0),MATCH(Y$3&"",PQ_Juli!$B$1:$AF$1&"",0)),0)} -> 1 | AA10: {=IFERROR(INDEX(PQ_Juli!$B$2:$AF$1048,MATCH($C10,PQ_Juli!$A$2:$A$1048,0),MATCH(AA$3&"",PQ_Juli!$B$1:$AF$1&"",0)),0)} -> 1 | AB10: {=IFERROR(INDEX(PQ_Juli!$B$2:$AF$1048,MATCH($C10,PQ_Juli!$A$2:$A$1048,0),MATCH(AB$3&"",PQ_Juli!$B$1:$AF$1&"",0)),0)} -> 3 | AC10: {=IFERROR(INDEX(PQ_Juli!$B$2:$AF$1048,MATCH($C10,PQ_Juli!$A$2:$A$1048,0),MATCH(AC$3&"",PQ_Juli!$B$1:$AF$1&"",0)),0)} -> 2 | AD10: {=IFERROR(INDEX(PQ_Juli!$B$2:$AF$1048,MATCH($C10,PQ_Juli!$A$2:$A$1048,0),MATCH(AD$3&"",PQ_Juli!$B$1:$AF$1&"",0)),0)} -> 0 | AE10: {=IFERROR(INDEX(PQ_Juli!$B$2:$AF$1048,MATCH($C10,PQ_Juli!$A$2:$A$1048,0),MATCH(AE$3&"",PQ_Juli!$B$1:$AF$1&"",0)),0)} -> 1 | AF10: {=IFERROR(INDEX(PQ_Juli!$B$2:$AF$1048,MATCH($C10,PQ_Juli!$A$2:$A$1048,0),MATCH(AF$3&"",PQ_Juli!$B$1:$AF$1&"",0)),0)} -> 0 | AH10: {=IFERROR(INDEX(PQ_Juli!$B$2:$AF$1048,MATCH($C10,PQ_Juli!$A$2:$A$1048,0),MATCH(AH$3&"",PQ_Juli!$B$1:$AF$1&"",0)),0)} -> 1 | AI10: 4 | AJ10: {=IFERROR(INDEX(PQ_Juli!$B$2:$AF$1048,MATCH($C10,PQ_Juli!$A$2:$A$1048,0),MATCH(AJ$3&"",PQ_Juli!$B$1:$AF$1&"",0)),0)} -> 0 | AK10: {=IFERROR(INDEX(PQ_Juli!$B$2:$AF$1048,MATCH($C10,PQ_Juli!$A$2:$A$1048,0),MATCH(AK$3&"",PQ_Juli!$B$1:$AF$1&"",0)),0)} -> 0 | AL10: {=IFERROR(INDEX(PQ_Juli!$B$2:$AF$1048,MATCH($C10,PQ_Juli!$A$2:$A$1048,0),MATCH(AL$3&"",PQ_Juli!$B$1:$AF$1&"",0)),0)} -> 1 | AM10: 4 | AN10: =SUM(H10:AL10)+AM10 -> 30 | AO10: =(G10-AN10)+AZ10 -> 34 | AP10: 30 | AQ10: Pcs | AX10: =IFERROR(IF(AV10="",0,$D10*AS10),0) -> 0 | AY10: =IFERROR(IF(AW10="",0,$D10*AU10),0) -> 0 | AZ10: =AX10+AY10 -> 0 | BA10: =(G10-AN10)+AZ10 -> 34 | BE10: Tanggal terakhir input data QC all reagen | BN10: 82
A11: =AO11 -> 76 | C11: T4 Total | D11: 60 | E11: 19 | F11: 12 | G11: 44 | H11: {=IFERROR(INDEX(PQ_Juli!$B$2:$AF$1048,MATCH($C11,PQ_Juli!$A$2:$A$1048,0),MATCH(H$3&"",PQ_Juli!$B$1:$AF$1&"",0)),0)} -> 0 | I11: {=IFERROR(INDEX(PQ_Juli!$B$2:$AF$1048,MATCH($C11,PQ_Juli!$A$2:$A$1048,0),MATCH(I$3&"",PQ_Juli!$B$1:$AF$1&"",0)),0)} -> 0 | J11: 0 | K11: {=IFERROR(INDEX(PQ_Juli!$B$2:$AF$1048,MATCH($C11,PQ_Juli!$A$2:$A$1048,0),MATCH(K$3&"",PQ_Juli!$B$1:$AF$1&"",0)),0)} -> 0 | M11: 0 | N11: {=IFERROR(INDEX(PQ_Juli!$B$2:$AF$1048,MATCH($C11,PQ_Juli!$A$2:$A$1048,0),MATCH(N$3&"",PQ_Juli!$B$1:$AF$1&"",0)),0)} -> 3 | O11: {=IFERROR(INDEX(PQ_Juli!$B$2:$AF$1048,MATCH($C11,PQ_Juli!$A$2:$A$1048,0),MATCH(O$3&"",PQ_Juli!$B$1:$AF$1&"",0)),0)} -> 3 | P11: {=IFERROR(INDEX(PQ_Juli!$B$2:$AF$1048,MATCH($C11,PQ_Juli!$A$2:$A$1048,0),MATCH(P$3&"",PQ_Juli!$B$1:$AF$1&"",0)),0)} -> 0 | Q11: {=IFERROR(INDEX(PQ_Juli!$B$2:$AF$1048,MATCH($C11,PQ_Juli!$A$2:$A$1048,0),MATCH(Q$3&"",PQ_Juli!$B$1:$AF$1&"",0)),0)} -> 1 | R11: {=IFERROR(INDEX(PQ_Juli!$B$2:$AF$1048,MATCH($C11,PQ_Juli!$A$2:$A$1048,0),MATCH(R$3&"",PQ_Juli!$B$1:$AF$1&"",0)),0)} -> 0 | T11: {=IFERROR(INDEX(PQ_Juli!$B$2:$AF$1048,MATCH($C11,PQ_Juli!$A$2:$A$1048,0),MATCH(T$3&"",PQ_Juli!$B$1:$AF$1&"",0)),0)} -> 2 | U11: {=IFERROR(INDEX(PQ_Juli!$B$2:$AF$1048,MATCH($C11,PQ_Juli!$A$2:$A$1048,0),MATCH(U$3&"",PQ_Juli!$B$1:$AF$1&"",0)),0)} -> 0 | V11: {=IFERROR(INDEX(PQ_Juli!$B$2:$AF$1048,MATCH($C11,PQ_Juli!$A$2:$A$1048,0),MATCH(V$3&"",PQ_Juli!$B$1:$AF$1&"",0)),0)} -> 0 | W11: {=IFERROR(INDEX(PQ_Juli!$B$2:$AF$1048,MATCH($C11,PQ_Juli!$A$2:$A$1048,0),MATCH(W$3&"",PQ_Juli!$B$1:$AF$1&"",0)),0)} -> 2 | X11: {=IFERROR(INDEX(PQ_Juli!$B$2:$AF$1048,MATCH($C11,PQ_Juli!$A$2:$A$1048,0),MATCH(X$3&"",PQ_Juli!$B$1:$AF$1&"",0)),0)} -> 0 | Y11: {=IFERROR(INDEX(PQ_Juli!$B$2:$AF$1048,MATCH($C11,PQ_Juli!$A$2:$A$1048,0),MATCH(Y$3&"",PQ_Juli!$B$1:$AF$1&"",0)),0)} -> 1 | AA11: {=IFERROR(INDEX(PQ_Juli!$B$2:$AF$1048,MATCH($C11,PQ_Juli!$A$2:$A$1048,0),MATCH(AA$3&"",PQ_Juli!$B$1:$AF$1&"",0)),0)} -> 1 | AB11: {=IFERROR(INDEX(PQ_Juli!$B$2:$AF$1048,MATCH($C11,PQ_Juli!$A$2:$A$1048,0),MATCH(AB$3&"",PQ_Juli!$B$1:$AF$1&"",0)),0)} -> 4 | AC11: {=IFERROR(INDEX(PQ_Juli!$B$2:$AF$1048,MATCH($C11,PQ_Juli!$A$2:$A$1048,0),MATCH(AC$3&"",PQ_Juli!$B$1:$AF$1&"",0)),0)} -> 2 | AD11: {=IFERROR(INDEX(PQ_Juli!$B$2:$AF$1048,MATCH($C11,PQ_Juli!$A$2:$A$1048,0),MATCH(AD$3&"",PQ_Juli!$B$1:$AF$1&"",0)),0)} -> 0 | AE11: {=IFERROR(INDEX(PQ_Juli!$B$2:$AF$1048,MATCH($C11,PQ_Juli!$A$2:$A$1048,0),MATCH(AE$3&"",PQ_Juli!$B$1:$AF$1&"",0)),0)} -> 1 | AF11: {=IFERROR(INDEX(PQ_Juli!$B$2:$AF$1048,MATCH($C11,PQ_Juli!$A$2:$A$1048,0),MATCH(AF$3&"",PQ_Juli!$B$1:$AF$1&"",0)),0)} -> 0 | AH11: {=IFERROR(INDEX(PQ_Juli!$B$2:$AF$1048,MATCH($C11,PQ_Juli!$A$2:$A$1048,0),MATCH(AH$3&"",PQ_Juli!$B$1:$AF$1&"",0)),0)} -> 0 | AI11: 4 | AJ11: {=IFERROR(INDEX(PQ_Juli!$B$2:$AF$1048,MATCH($C11,PQ_Juli!$A$2:$A$1048,0),MATCH(AJ$3&"",PQ_Juli!$B$1:$AF$1&"",0)),0)} -> 0 | AK11: {=IFERROR(INDEX(PQ_Juli!$B$2:$AF$1048,MATCH($C11,PQ_Juli!$A$2:$A$1048,0),MATCH(AK$3&"",PQ_Juli!$B$1:$AF$1&"",0)),0)} -> 0 | AL11: {=IFERROR(INDEX(PQ_Juli!$B$2:$AF$1048,MATCH($C11,PQ_Juli!$A$2:$A$1048,0),MATCH(AL$3&"",PQ_Juli!$B$1:$AF$1&"",0)),0)} -> 1 | AM11: 3 | AN11: =SUM(H11:AL11)+AM11 -> 28 | AO11: =(G11-AN11)+AZ11 -> 76 | AP11: 30 | AQ11: Pcs | AR11: 46225 | AS11: 1 | AV11: 46231 | AX11: =IFERROR(IF(AV11="",0,$D11*AS11),0) -> 60 | AY11: =IFERROR(IF(AW11="",0,$D11*AU11),0) -> 0 | AZ11: =AX11+AY11 -> 60 | BA11: =(G11-AN11)+AZ11 -> 76 | BD11: Buffer Stock adalah 30 % penambahan dari average sampel setiap bulan dalam 1 tahun | BN11: 66
A12: =AO12 -> 85 | C12: TSH | D12: 60 | E12: 14 | F12: 29 | G12: 92 | H12: {=IFERROR(INDEX(PQ_Juli!$B$2:$AF$1048,MATCH($C12,PQ_Juli!$A$2:$A$1048,0),MATCH(H$3&"",PQ_Juli!$B$1:$AF$1&"",0)),0)} -> 2 | I12: {=IFERROR(INDEX(PQ_Juli!$B$2:$AF$1048,MATCH($C12,PQ_Juli!$A$2:$A$1048,0),MATCH(I$3&"",PQ_Juli!$B$1:$AF$1&"",0)),0)} -> 1 | J12: {=IFERROR(INDEX(PQ_Juli!$B$2:$AF$1048,MATCH($C12,PQ_Juli!$A$2:$A$1048,0),MATCH(J$3&"",PQ_Juli!$B$1:$AF$1&"",0)),0)} -> 3 | K12: {=IFERROR(INDEX(PQ_Juli!$B$2:$AF$1048,MATCH($C12,PQ_Juli!$A$2:$A$1048,0),MATCH(K$3&"",PQ_Juli!$B$1:$AF$1&"",0)),0)} -> 0 | M12: 1 | N12: {=IFERROR(INDEX(PQ_Juli!$B$2:$AF$1048,MATCH($C12,PQ_Juli!$A$2:$A$1048,0),MATCH(N$3&"",PQ_Juli!$B$1:$AF$1&"",0)),0)} -> 2 | O12: {=IFERROR(INDEX(PQ_Juli!$B$2:$AF$1048,MATCH($C12,PQ_Juli!$A$2:$A$1048,0),MATCH(O$3&"",PQ_Juli!$B$1:$AF$1&"",0)),0)} -> 6 | P12: {=IFERROR(INDEX(PQ_Juli!$B$2:$AF$1048,MATCH($C12,PQ_Juli!$A$2:$A$1048,0),MATCH(P$3&"",PQ_Juli!$B$1:$AF$1&"",0)),0)} -> 1 | Q12: {=IFERROR(INDEX(PQ_Juli!$B$2:$AF$1048,MATCH($C12,PQ_Juli!$A$2:$A$1048,0),MATCH(Q$3&"",PQ_Juli!$B$1:$AF$1&"",0)),0)} -> 4 | R12: {=IFERROR(INDEX(PQ_Juli!$B$2:$AF$1048,MATCH($C12,PQ_Juli!$A$2:$A$1048,0),MATCH(R$3&"",PQ_Juli!$B$1:$AF$1&"",0)),0)} -> 0 | T12: {=IFERROR(INDEX(PQ_Juli!$B$2:$AF$1048,MATCH($C12,PQ_Juli!$A$2:$A$1048,0),MATCH(T$3&"",PQ_Juli!$B$1:$AF$1&"",0)),0)} -> 4 | U12: {=IFERROR(INDEX(PQ_Juli!$B$2:$AF$1048,MATCH($C12,PQ_Juli!$A$2:$A$1048,0),MATCH(U$3&"",PQ_Juli!$B$1:$AF$1&"",0)),0)} -> 1 | V12: {=IFERROR(INDEX(PQ_Juli!$B$2:$AF$1048,MATCH($C12,PQ_Juli!$A$2:$A$1048,0),MATCH(V$3&"",PQ_Juli!$B$1:$AF$1&"",0)),0)} -> 0 | W12: {=IFERROR(INDEX(PQ_Juli!$B$2:$AF$1048,MATCH($C12,PQ_Juli!$A$2:$A$1048,0),MATCH(W$3&"",PQ_Juli!$B$1:$AF$1&"",0)),0)} -> 3 | X12: {=IFERROR(INDEX(PQ_Juli!$B$2:$AF$1048,MATCH($C12,PQ_Juli!$A$2:$A$1048,0),MATCH(X$3&"",PQ_Juli!$B$1:$AF$1&"",0)),0)} -> 0 | Y12: {=IFERROR(INDEX(PQ_Juli!$B$2:$AF$1048,MATCH($C12,PQ_Juli!$A$2:$A$1048,0),MATCH(Y$3&"",PQ_Juli!$B$1:$AF$1&"",0)),0)} -> 1 | AA12: {=IFERROR(INDEX(PQ_Juli!$B$2:$AF$1048,MATCH($C12,PQ_Juli!$A$2:$A$1048,0),MATCH(AA$3&"",PQ_Juli!$B$1:$AF$1&"",0)),0)} -> 1 | AB12: {=IFERROR(INDEX(PQ_Juli!$B$2:$AF$1048,MATCH($C12,PQ_Juli!$A$2:$A$1048,0),MATCH(AB$3&"",PQ_Juli!$B$1:$AF$1&"",0)),0)} -> 7 | AC12: {=IFERROR(INDEX(PQ_Juli!$B$2:$AF$1048,MATCH($C12,PQ_Juli!$A$2:$A$1048,0),MATCH(AC$3&"",PQ_Juli!$B$1:$AF$1&"",0)),0)} -> 3 | AD12: {=IFERROR(INDEX(PQ_Juli!$B$2:$AF$1048,MATCH($C12,PQ_Juli!$A$2:$A$1048,0),MATCH(AD$3&"",PQ_Juli!$B$1:$AF$1&"",0)),0)} -> 4 | AE12: {=IFERROR(INDEX(PQ_Juli!$B$2:$AF$1048,MATCH($C12,PQ_Juli!$A$2:$A$1048,0),MATCH(AE$3&"",PQ_Juli!$B$1:$AF$1&"",0)),0)} -> 4 | AF12: {=IFERROR(INDEX(PQ_Juli!$B$2:$AF$1048,MATCH($C12,PQ_Juli!$A$2:$A$1048,0),MATCH(AF$3&"",PQ_Juli!$B$1:$AF$1&"",0)),0)} -> 10 | AH12: {=IFERROR(INDEX(PQ_Juli!$B$2:$AF$1048,MATCH($C12,PQ_Juli!$A$2:$A$1048,0),MATCH(AH$3&"",PQ_Juli!$B$1:$AF$1&"",0)),0)} -> 0 | AI12: 4 | AJ12: {=IFERROR(INDEX(PQ_Juli!$B$2:$AF$1048,MATCH($C12,PQ_Juli!$A$2:$A$1048,0),MATCH(AJ$3&"",PQ_Juli!$B$1:$AF$1&"",0)),0)} -> 1 | AK12: {=IFERROR(INDEX(PQ_Juli!$B$2:$AF$1048,MATCH($C12,PQ_Juli!$A$2:$A$1048,0),MATCH(AK$3&"",PQ_Juli!$B$1:$AF$1&"",0)),0)} -> 1 | AL12: {=IFERROR(INDEX(PQ_Juli!$B$2:$AF$1048,MATCH($C12,PQ_Juli!$A$2:$A$1048,0),MATCH(AL$3&"",PQ_Juli!$B$1:$AF$1&"",0)),0)} -> 3 | AN12: =SUM(H12:AL12)+AM12 -> 67 | AO12: =(G12-AN12)+AZ12 -> 85 | AP12: 40 | AQ12: Pcs | AR12: 46232 | AS12: 1 | AV12: 46234 | AX12: =IFERROR(IF(AV12="",0,$D12*AS12),0) -> 60 | AY12: =IFERROR(IF(AW12="",0,$D12*AU12),0) -> 0 | AZ12: =AX12+AY12 -> 60 | BA12: =(G12-AN12)+AZ12 -> 85 | BN12: 82
A13: =AO13 -> 90 | C13: FT4 | D13: 60 | E13: 29 | F13: 33 | G13: 44 | H13: {=IFERROR(INDEX(PQ_Juli!$B$2:$AF$1048,MATCH($C13,PQ_Juli!$A$2:$A$1048,0),MATCH(H$3&"",PQ_Juli!$B$1:$AF$1&"",0)),0)} -> 3 | I13: {=IFERROR(INDEX(PQ_Juli!$B$2:$AF$1048,MATCH($C13,PQ_Juli!$A$2:$A$1048,0),MATCH(I$3&"",PQ_Juli!$B$1:$AF$1&"",0)),0)} -> 3 | J13: {=IFERROR(INDEX(PQ_Juli!$B$2:$AF$1048,MATCH($C13,PQ_Juli!$A$2:$A$1048,0),MATCH(J$3&"",PQ_Juli!$B$1:$AF$1&"",0)),0)} -> 1 | K13: {=IFERROR(INDEX(PQ_Juli!$B$2:$AF$1048,MATCH($C13,PQ_Juli!$A$2:$A$1048,0),MATCH(K$3&"",PQ_Juli!$B$1:$AF$1&"",0)),0)} -> 5 | M13: {=IFERROR(INDEX(PQ_Juli!$B$2:$AF$1048,MATCH($C13,PQ_Juli!$A$2:$A$1048,0),MATCH(M$3&"",PQ_Juli!$B$1:$AF$1&"",0)),0)} -> 1 | N13: {=IFERROR(INDEX(PQ_Juli!$B$2:$AF$1048,MATCH($C13,PQ_Juli!$A$2:$A$1048,0),MATCH(N$3&"",PQ_Juli!$B$1:$AF$1&"",0)),0)} -> 1 | O13: {=IFERROR(INDEX(PQ_Juli!$B$2:$AF$1048,MATCH($C13,PQ_Juli!$A$2:$A$1048,0),MATCH(O$3&"",PQ_Juli!$B$1:$AF$1&"",0)),0)} -> 5 | P13: {=IFERROR(INDEX(PQ_Juli!$B$2:$AF$1048,MATCH($C13,PQ_Juli!$A$2:$A$1048,0),MATCH(P$3&"",PQ_Juli!$B$1:$AF$1&"",0)),0)} -> 1 | Q13: {=IFERROR(INDEX(PQ_Juli!$B$2:$AF$1048,MATCH($C13,PQ_Juli!$A$2:$A$1048,0),MATCH(Q$3&"",PQ_Juli!$B$1:$AF$1&"",0)),0)} -> 4 | R13: {=IFERROR(INDEX(PQ_Juli!$B$2:$AF$1048,MATCH($C13,PQ_Juli!$A$2:$A$1048,0),MATCH(R$3&"",PQ_Juli!$B$1:$AF$1&"",0)),0)} -> 5 | T13: {=IFERROR(INDEX(PQ_Juli!$B$2:$AF$1048,MATCH($C13,PQ_Juli!$A$2:$A$1048,0),MATCH(T$3&"",PQ_Juli!$B$1:$AF$1&"",0)),0)} -> 4 | U13: {=IFERROR(INDEX(PQ_Juli!$B$2:$AF$1048,MATCH($C13,PQ_Juli!$A$2:$A$1048,0),MATCH(U$3&"",PQ_Juli!$B$1:$AF$1&"",0)),0)} -> 5 | V13: {=IFERROR(INDEX(PQ_Juli!$B$2:$AF$1048,MATCH($C13,PQ_Juli!$A$2:$A$1048,0),MATCH(V$3&"",PQ_Juli!$B$1:$AF$1&"",0)),0)} -> 7 | W13: {=IFERROR(INDEX(PQ_Juli!$B$2:$AF$1048,MATCH($C13,PQ_Juli!$A$2:$A$1048,0),MATCH(W$3&"",PQ_Juli!$B$1:$AF$1&"",0)),0)} -> 0 | X13: {=IFERROR(INDEX(PQ_Juli!$B$2:$AF$1048,MATCH($C13,PQ_Juli!$A$2:$A$1048,0),MATCH(X$3&"",PQ_Juli!$B$1:$AF$1&"",0)),0)} -> 1 | Y13: {=IFERROR(INDEX(PQ_Juli!$B$2:$AF$1048,MATCH($C13,PQ_Juli!$A$2:$A$1048,0),MATCH(Y$3&"",PQ_Juli!$B$1:$AF$1&"",0)),0)} -> 5 | AA13: {=IFERROR(INDEX(PQ_Juli!$B$2:$AF$1048,MATCH($C13,PQ_Juli!$A$2:$A$1048,0),MATCH(AA$3&"",PQ_Juli!$B$1:$AF$1&"",0)),0)} -> 4 | AB13: {=IFERROR(INDEX(PQ_Juli!$B$2:$AF$1048,MATCH($C13,PQ_Juli!$A$2:$A$1048,0),MATCH(AB$3&"",PQ_Juli!$B$1:$AF$1&"",0)),0)} -> 1 | AC13: {=IFERROR(INDEX(PQ_Juli!$B$2:$AF$1048,MATCH($C13,PQ_Juli!$A$2:$A$1048,0),MATCH(AC$3&"",PQ_Juli!$B$1:$AF$1&"",0)),0)} -> 2 | AD13: {=IFERROR(INDEX(PQ_Juli!$B$2:$AF$1048,MATCH($C13,PQ_Juli!$A$2:$A$1048,0),MATCH(AD$3&"",PQ_Juli!$B$1:$AF$1&"",0)),0)} -> 2 | AE13: {=IFERROR(INDEX(PQ_Juli!$B$2:$AF$1048,MATCH($C13,PQ_Juli!$A$2:$A$1048,0),MATCH(AE$3&"",PQ_Juli!$B$1:$AF$1&"",0)),0)} -> 1 | AF13: {=IFERROR(INDEX(PQ_Juli!$B$2:$AF$1048,MATCH($C13,PQ_Juli!$A$2:$A$1048,0),MATCH(AF$3&"",PQ_Juli!$B$1:$AF$1&"",0)),0)} -> 4 | AH13: {=IFERROR(INDEX(PQ_Juli!$B$2:$AF$1048,MATCH($C13,PQ_Juli!$A$2:$A$1048,0),MATCH(AH$3&"",PQ_Juli!$B$1:$AF$1&"",0)),0)} -> 2 | AI13: {=IFERROR(INDEX(PQ_Juli!$B$2:$AF$1048,MATCH($C13,PQ_Juli!$A$2:$A$1048,0),MATCH(AI$3&"",PQ_Juli!$B$1:$AF$1&"",0)),0)} -> 1 | AJ13: {=IFERROR(INDEX(PQ_Juli!$B$2:$AF$1048,MATCH($C13,PQ_Juli!$A$2:$A$1048,0),MATCH(AJ$3&"",PQ_Juli!$B$1:$AF$1&"",0)),0)} -> 3 | AK13: {=IFERROR(INDEX(PQ_Juli!$B$2:$AF$1048,MATCH($C13,PQ_Juli!$A$2:$A$1048,0),MATCH(AK$3&"",PQ_Juli!$B$1:$AF$1&"",0)),0)} -> 0 | AL13: {=IFERROR(INDEX(PQ_Juli!$B$2:$AF$1048,MATCH($C13,PQ_Juli!$A$2:$A$1048,0),MATCH(AL$3&"",PQ_Juli!$B$1:$AF$1&"",0)),0)} -> 0 | AM13: 3 | AN13: =SUM(H13:AL13)+AM13 -> 74 | AO13: =(G13-AN13)+AZ13 -> 90 | AP13: 40 | AQ13: Pcs | AR13: 46210 | AS13: 1 | AT13: 46219 | AU13: 1 | AV13: 46213 | AW13: 46231 | AX13: =IFERROR(IF(AV13="",0,$D13*AS13),0) -> 60 | AY13: =IFERROR(IF(AW13="",0,$D13*AU13),0) -> 60 | AZ13: =AX13+AY13 -> 120 | BA13: =(G13-AN13)+AZ13 -> 90 | BN13: 42
A14: =AO14 -> #REF! | C14: Total PSA | D14: 60 | E14: 23 | F14: 20 | G14: =#REF! -> #REF! | H14: {=IFERROR(INDEX(PQ_Juli!$B$2:$AF$1048,MATCH($C14,PQ_Juli!$A$2:$A$1048,0),MATCH(H$3&"",PQ_Juli!$B$1:$AF$1&"",0)),0)} -> 0 | I14: {=IFERROR(INDEX(PQ_Juli!$B$2:$AF$1048,MATCH($C14,PQ_Juli!$A$2:$A$1048,0),MATCH(I$3&"",PQ_Juli!$B$1:$AF$1&"",0)),0)} -> 0 | J14: {=IFERROR(INDEX(PQ_Juli!$B$2:$AF$1048,MATCH($C14,PQ_Juli!$A$2:$A$1048,0),MATCH(J$3&"",PQ_Juli!$B$1:$AF$1&"",0)),0)} -> 1 | K14: {=IFERROR(INDEX(PQ_Juli!$B$2:$AF$1048,MATCH($C14,PQ_Juli!$A$2:$A$1048,0),MATCH(K$3&"",PQ_Juli!$B$1:$AF$1&"",0)),0)} -> 0 | M14: {=IFERROR(INDEX(PQ_Juli!$B$2:$AF$1048,MATCH($C14,PQ_Juli!$A$2:$A$1048,0),MATCH(M$3&"",PQ_Juli!$B$1:$AF$1&"",0)),0)} -> 1 | N14: {=IFERROR(INDEX(PQ_Juli!$B$2:$AF$1048,MATCH($C14,PQ_Juli!$A$2:$A$1048,0),MATCH(N$3&"",PQ_Juli!$B$1:$AF$1&"",0)),0)} -> 0 | O14: {=IFERROR(INDEX(PQ_Juli!$B$2:$AF$1048,MATCH($C14,PQ_Juli!$A$2:$A$1048,0),MATCH(O$3&"",PQ_Juli!$B$1:$AF$1&"",0)),0)} -> 1 | P14: {=IFERROR(INDEX(PQ_Juli!$B$2:$AF$1048,MATCH($C14,PQ_Juli!$A$2:$A$1048,0),MATCH(P$3&"",PQ_Juli!$B$1:$AF$1&"",0)),0)} -> 1 | Q14: {=IFERROR(INDEX(PQ_Juli!$B$2:$AF$1048,MATCH($C14,PQ_Juli!$A$2:$A$1048,0),MATCH(Q$3&"",PQ_Juli!$B$1:$AF$1&"",0)),0)} -> 1 | R14: {=IFERROR(INDEX(PQ_Juli!$B$2:$AF$1048,MATCH($C14,PQ_Juli!$A$2:$A$1048,0),MATCH(R$3&"",PQ_Juli!$B$1:$AF$1&"",0)),0)} -> 0 | T14: {=IFERROR(INDEX(PQ_Juli!$B$2:$AF$1048,MATCH($C14,PQ_Juli!$A$2:$A$1048,0),MATCH(T$3&"",PQ_Juli!$B$1:$AF$1&"",0)),0)} -> 0 | U14: {=IFERROR(INDEX(PQ_Juli!$B$2:$AF$1048,MATCH($C14,PQ_Juli!$A$2:$A$1048,0),MATCH(U$3&"",PQ_Juli!$B$1:$AF$1&"",0)),0)} -> 0 | V14: {=IFERROR(INDEX(PQ_Juli!$B$2:$AF$1048,MATCH($C14,PQ_Juli!$A$2:$A$1048,0),MATCH(V$3&"",PQ_Juli!$B$1:$AF$1&"",0)),0)} -> 0 | W14: {=IFERROR(INDEX(PQ_Juli!$B$2:$AF$1048,MATCH($C14,PQ_Juli!$A$2:$A$1048,0),MATCH(W$3&"",PQ_Juli!$B$1:$AF$1&"",0)),0)} -> 2 | X14: {=IFERROR(INDEX(PQ_Juli!$B$2:$AF$1048,MATCH($C14,PQ_Juli!$A$2:$A$1048,0),MATCH(X$3&"",PQ_Juli!$B$1:$AF$1&"",0)),0)} -> 1 | Y14: {=IFERROR(INDEX(PQ_Juli!$B$2:$AF$1048,MATCH($C14,PQ_Juli!$A$2:$A$1048,0),MATCH(Y$3&"",PQ_Juli!$B$1:$AF$1&"",0)),0)} -> 0 | AA14: {=IFERROR(INDEX(PQ_Juli!$B$2:$AF$1048,MATCH($C14,PQ_Juli!$A$2:$A$1048,0),MATCH(AA$3&"",PQ_Juli!$B$1:$AF$1&"",0)),0)} -> 0 | AB14: {=IFERROR(INDEX(PQ_Juli!$B$2:$AF$1048,MATCH($C14,PQ_Juli!$A$2:$A$1048,0),MATCH(AB$3&"",PQ_Juli!$B$1:$AF$1&"",0)),0)} -> 0 | AC14: {=IFERROR(INDEX(PQ_Juli!$B$2:$AF$1048,MATCH($C14,PQ_Juli!$A$2:$A$1048,0),MATCH(AC$3&"",PQ_Juli!$B$1:$AF$1&"",0)),0)} -> 0 | AD14: {=IFERROR(INDEX(PQ_Juli!$B$2:$AF$1048,MATCH($C14,PQ_Juli!$A$2:$A$1048,0),MATCH(AD$3&"",PQ_Juli!$B$1:$AF$1&"",0)),0)} -> 0 | AE14: {=IFERROR(INDEX(PQ_Juli!$B$2:$AF$1048,MATCH($C14,PQ_Juli!$A$2:$A$1048,0),MATCH(AE$3&"",PQ_Juli!$B$1:$AF$1&"",0)),0)} -> 1 | AF14: {=IFERROR(INDEX(PQ_Juli!$B$2:$AF$1048,MATCH($C14,PQ_Juli!$A$2:$A$1048,0),MATCH(AF$3&"",PQ_Juli!$B$1:$AF$1&"",0)),0)} -> 0 | AH14: {=IFERROR(INDEX(PQ_Juli!$B$2:$AF$1048,MATCH($C14,PQ_Juli!$A$2:$A$1048,0),MATCH(AH$3&"",PQ_Juli!$B$1:$AF$1&"",0)),0)} -> 0 | AI14: {=IFERROR(INDEX(PQ_Juli!$B$2:$AF$1048,MATCH($C14,PQ_Juli!$A$2:$A$1048,0),MATCH(AI$3&"",PQ_Juli!$B$1:$AF$1&"",0)),0)} -> 0 | AJ14: {=IFERROR(INDEX(PQ_Juli!$B$2:$AF$1048,MATCH($C14,PQ_Juli!$A$2:$A$1048,0),MATCH(AJ$3&"",PQ_Juli!$B$1:$AF$1&"",0)),0)} -> 0 | AK14: {=IFERROR(INDEX(PQ_Juli!$B$2:$AF$1048,MATCH($C14,PQ_Juli!$A$2:$A$1048,0),MATCH(AK$3&"",PQ_Juli!$B$1:$AF$1&"",0)),0)} -> 0 | AL14: {=IFERROR(INDEX(PQ_Juli!$B$2:$AF$1048,MATCH($C14,PQ_Juli!$A$2:$A$1048,0),MATCH(AL$3&"",PQ_Juli!$B$1:$AF$1&"",0)),0)} -> 0 | AN14: =SUM(H14:AL14)+AM14 -> 9 | AO14: =(G14-AN14)+AZ14 -> #REF! | AP14: 20 | AQ14: Pcs | AX14: =IFERROR(IF(AV14="",0,$D14*AS14),0) -> 0 | AY14: =IFERROR(IF(AW14="",0,$D14*AU14),0) -> 0 | AZ14: =AX14+AY14 -> 0 | BA14: =(G14-AN14)+AZ14 -> #REF! | BN14: 21
A15: =AO15 -> #REF! | C15: Elecsys CEA | D15: 100 | E15: 73 | F15: 29 | G15: =#REF! -> #REF! | H15: {=IFERROR(INDEX(PQ_Juli!$B$2:$AF$1048,MATCH($C15,PQ_Juli!$A$2:$A$1048,0),MATCH(H$3&"",PQ_Juli!$B$1:$AF$1&"",0)),0)} -> 1 | I15: {=IFERROR(INDEX(PQ_Juli!$B$2:$AF$1048,MATCH($C15,PQ_Juli!$A$2:$A$1048,0),MATCH(I$3&"",PQ_Juli!$B$1:$AF$1&"",0)),0)} -> 2 | J15: {=IFERROR(INDEX(PQ_Juli!$B$2:$AF$1048,MATCH($C15,PQ_Juli!$A$2:$A$1048,0),MATCH(J$3&"",PQ_Juli!$B$1:$AF$1&"",0)),0)} -> 2 | K15: {=IFERROR(INDEX(PQ_Juli!$B$2:$AF$1048,MATCH($C15,PQ_Juli!$A$2:$A$1048,0),MATCH(K$3&"",PQ_Juli!$B$1:$AF$1&"",0)),0)} -> 1 | M15: {=IFERROR(INDEX(PQ_Juli!$B$2:$AF$1048,MATCH($C15,PQ_Juli!$A$2:$A$1048,0),MATCH(M$3&"",PQ_Juli!$B$1:$AF$1&"",0)),0)} -> 0 | N15: {=IFERROR(INDEX(PQ_Juli!$B$2:$AF$1048,MATCH($C15,PQ_Juli!$A$2:$A$1048,0),MATCH(N$3&"",PQ_Juli!$B$1:$AF$1&"",0)),0)} -> 0 | O15: {=IFERROR(INDEX(PQ_Juli!$B$2:$AF$1048,MATCH($C15,PQ_Juli!$A$2:$A$1048,0),MATCH(O$3&"",PQ_Juli!$B$1:$AF$1&"",0)),0)} -> 0 | P15: {=IFERROR(INDEX(PQ_Juli!$B$2:$AF$1048,MATCH($C15,PQ_Juli!$A$2:$A$1048,0),MATCH(P$3&"",PQ_Juli!$B$1:$AF$1&"",0)),0)} -> 0 | Q15: {=IFERROR(INDEX(PQ_Juli!$B$2:$AF$1048,MATCH($C15,PQ_Juli!$A$2:$A$1048,0),MATCH(Q$3&"",PQ_Juli!$B$1:$AF$1&"",0)),0)} -> 2 | R15: {=IFERROR(INDEX(PQ_Juli!$B$2:$AF$1048,MATCH($C15,PQ_Juli!$A$2:$A$1048,0),MATCH(R$3&"",PQ_Juli!$B$1:$AF$1&"",0)),0)} -> 0 | T15: {=IFERROR(INDEX(PQ_Juli!$B$2:$AF$1048,MATCH($C15,PQ_Juli!$A$2:$A$1048,0),MATCH(T$3&"",PQ_Juli!$B$1:$AF$1&"",0)),0)} -> 0 | U15: {=IFERROR(INDEX(PQ_Juli!$B$2:$AF$1048,MATCH($C15,PQ_Juli!$A$2:$A$1048,0),MATCH(U$3&"",PQ_Juli!$B$1:$AF$1&"",0)),0)} -> 0 | V15: {=IFERROR(INDEX(PQ_Juli!$B$2:$AF$1048,MATCH($C15,PQ_Juli!$A$2:$A$1048,0),MATCH(V$3&"",PQ_Juli!$B$1:$AF$1&"",0)),0)} -> 0 | W15: {=IFERROR(INDEX(PQ_Juli!$B$2:$AF$1048,MATCH($C15,PQ_Juli!$A$2:$A$1048,0),MATCH(W$3&"",PQ_Juli!$B$1:$AF$1&"",0)),0)} -> 3 | X15: {=IFERROR(INDEX(PQ_Juli!$B$2:$AF$1048,MATCH($C15,PQ_Juli!$A$2:$A$1048,0),MATCH(X$3&"",PQ_Juli!$B$1:$AF$1&"",0)),0)} -> 0 | Y15: {=IFERROR(INDEX(PQ_Juli!$B$2:$AF$1048,MATCH($C15,PQ_Juli!$A$2:$A$1048,0),MATCH(Y$3&"",PQ_Juli!$B$1:$AF$1&"",0)),0)} -> 1 | AA15: {=IFERROR(INDEX(PQ_Juli!$B$2:$AF$1048,MATCH($C15,PQ_Juli!$A$2:$A$1048,0),MATCH(AA$3&"",PQ_Juli!$B$1:$AF$1&"",0)),0)} -> 0 | AB15: {=IFERROR(INDEX(PQ_Juli!$B$2:$AF$1048,MATCH($C15,PQ_Juli!$A$2:$A$1048,0),MATCH(AB$3&"",PQ_Juli!$B$1:$AF$1&"",0)),0)} -> 1 | AC15: {=IFERROR(INDEX(PQ_Juli!$B$2:$AF$1048,MATCH($C15,PQ_Juli!$A$2:$A$1048,0),MATCH(AC$3&"",PQ_Juli!$B$1:$AF$1&"",0)),0)} -> 2 | AD15: {=IFERROR(INDEX(PQ_Juli!$B$2:$AF$1048,MATCH($C15,PQ_Juli!$A$2:$A$1048,0),MATCH(AD$3&"",PQ_Juli!$B$1:$AF$1&"",0)),0)} -> 0 | AE15: {=IFERROR(INDEX(PQ_Juli!$B$2:$AF$1048,MATCH($C15,PQ_Juli!$A$2:$A$1048,0),MATCH(AE$3&"",PQ_Juli!$B$1:$AF$1&"",0)),0)} -> 0 | AF15: {=IFERROR(INDEX(PQ_Juli!$B$2:$AF$1048,MATCH($C15,PQ_Juli!$A$2:$A$1048,0),MATCH(AF$3&"",PQ_Juli!$B$1:$AF$1&"",0)),0)} -> 0 | AH15: {=IFERROR(INDEX(PQ_Juli!$B$2:$AF$1048,MATCH($C15,PQ_Juli!$A$2:$A$1048,0),MATCH(AH$3&"",PQ_Juli!$B$1:$AF$1&"",0)),0)} -> 0 | AI15: {=IFERROR(INDEX(PQ_Juli!$B$2:$AF$1048,MATCH($C15,PQ_Juli!$A$2:$A$1048,0),MATCH(AI$3&"",PQ_Juli!$B$1:$AF$1&"",0)),0)} -> 2 | AJ15: {=IFERROR(INDEX(PQ_Juli!$B$2:$AF$1048,MATCH($C15,PQ_Juli!$A$2:$A$1048,0),MATCH(AJ$3&"",PQ_Juli!$B$1:$AF$1&"",0)),0)} -> 0 | AK15: {=IFERROR(INDEX(PQ_Juli!$B$2:$AF$1048,MATCH($C15,PQ_Juli!$A$2:$A$1048,0),MATCH(AK$3&"",PQ_Juli!$B$1:$AF$1&"",0)),0)} -> 0 | AL15: {=IFERROR(INDEX(PQ_Juli!$B$2:$AF$1048,MATCH($C15,PQ_Juli!$A$2:$A$1048,0),MATCH(AL$3&"",PQ_Juli!$B$1:$AF$1&"",0)),0)} -> 1 | AM15: 20 | AN15: =SUM(H15:AL15)+AM15 -> 38 | AO15: =(G15-AN15)+AZ15 -> #REF! | AP15: 30 | AQ15: Pcs | AX15: =IFERROR(IF(AV15="",0,$D15*AS15),0) -> 0 | AY15: =IFERROR(IF(AW15="",0,$D15*AU15),0) -> 0 | AZ15: =AX15+AY15 -> 0 | BA15: =(G15-AN15)+AZ15 -> #REF! | BN15: 102
A16: =AO16 -> 46 | C16: Ferritin | D16: 60 | E16: 30 | F16: 23 | G16: 28 | H16: {=IFERROR(INDEX(PQ_Juli!$B$2:$AF$1048,MATCH($C16,PQ_Juli!$A$2:$A$1048,0),MATCH(H$3&"",PQ_Juli!$B$1:$AF$1&"",0)),0)} -> 0 | I16: {=IFERROR(INDEX(PQ_Juli!$B$2:$AF$1048,MATCH($C16,PQ_Juli!$A$2:$A$1048,0),MATCH(I$3&"",PQ_Juli!$B$1:$AF$1&"",0)),0)} -> 0 | J16: {=IFERROR(INDEX(PQ_Juli!$B$2:$AF$1048,MATCH($C16,PQ_Juli!$A$2:$A$1048,0),MATCH(J$3&"",PQ_Juli!$B$1:$AF$1&"",0)),0)} -> 0 | K16: {=IFERROR(INDEX(PQ_Juli!$B$2:$AF$1048,MATCH($C16,PQ_Juli!$A$2:$A$1048,0),MATCH(K$3&"",PQ_Juli!$B$1:$AF$1&"",0)),0)} -> 0 | M16: {=IFERROR(INDEX(PQ_Juli!$B$2:$AF$1048,MATCH($C16,PQ_Juli!$A$2:$A$1048,0),MATCH(M$3&"",PQ_Juli!$B$1:$AF$1&"",0)),0)} -> 3 | N16: {=IFERROR(INDEX(PQ_Juli!$B$2:$AF$1048,MATCH($C16,PQ_Juli!$A$2:$A$1048,0),MATCH(N$3&"",PQ_Juli!$B$1:$AF$1&"",0)),0)} -> 0 | O16: {=IFERROR(INDEX(PQ_Juli!$B$2:$AF$1048,MATCH($C16,PQ_Juli!$A$2:$A$1048,0),MATCH(O$3&"",PQ_Juli!$B$1:$AF$1&"",0)),0)} -> 3 | P16: {=IFERROR(INDEX(PQ_Juli!$B$2:$AF$1048,MATCH($C16,PQ_Juli!$A$2:$A$1048,0),MATCH(P$3&"",PQ_Juli!$B$1:$AF$1&"",0)),0)} -> 0 | Q16: {=IFERROR(INDEX(PQ_Juli!$B$2:$AF$1048,MATCH($C16,PQ_Juli!$A$2:$A$1048,0),MATCH(Q$3&"",PQ_Juli!$B$1:$AF$1&"",0)),0)} -> 1 | R16: {=IFERROR(INDEX(PQ_Juli!$B$2:$AF$1048,MATCH($C16,PQ_Juli!$A$2:$A$1048,0),MATCH(R$3&"",PQ_Juli!$B$1:$AF$1&"",0)),0)} -> 2 | T16: {=IFERROR(INDEX(PQ_Juli!$B$2:$AF$1048,MATCH($C16,PQ_Juli!$A$2:$A$1048,0),MATCH(T$3&"",PQ_Juli!$B$1:$AF$1&"",0)),0)} -> 3 | U16: {=IFERROR(INDEX(PQ_Juli!$B$2:$AF$1048,MATCH($C16,PQ_Juli!$A$2:$A$1048,0),MATCH(U$3&"",PQ_Juli!$B$1:$AF$1&"",0)),0)} -> 0 | V16: {=IFERROR(INDEX(PQ_Juli!$B$2:$AF$1048,MATCH($C16,PQ_Juli!$A$2:$A$1048,0),MATCH(V$3&"",PQ_Juli!$B$1:$AF$1&"",0)),0)} -> 0 | W16: {=IFERROR(INDEX(PQ_Juli!$B$2:$AF$1048,MATCH($C16,PQ_Juli!$A$2:$A$1048,0),MATCH(W$3&"",PQ_Juli!$B$1:$AF$1&"",0)),0)} -> 2 | X16: {=IFERROR(INDEX(PQ_Juli!$B$2:$AF$1048,MATCH($C16,PQ_Juli!$A$2:$A$1048,0),MATCH(X$3&"",PQ_Juli!$B$1:$AF$1&"",0)),0)} -> 1 | Y16: {=IFERROR(INDEX(PQ_Juli!$B$2:$AF$1048,MATCH($C16,PQ_Juli!$A$2:$A$1048,0),MATCH(Y$3&"",PQ_Juli!$B$1:$AF$1&"",0)),0)} -> 1 | AA16: {=IFERROR(INDEX(PQ_Juli!$B$2:$AF$1048,MATCH($C16,PQ_Juli!$A$2:$A$1048,0),MATCH(AA$3&"",PQ_Juli!$B$1:$AF$1&"",0)),0)} -> 6 | AB16: {=IFERROR(INDEX(PQ_Juli!$B$2:$AF$1048,MATCH($C16,PQ_Juli!$A$2:$A$1048,0),MATCH(AB$3&"",PQ_Juli!$B$1:$AF$1&"",0)),0)} -> 1 | AC16: {=IFERROR(INDEX(PQ_Juli!$B$2:$AF$1048,MATCH($C16,PQ_Juli!$A$2:$A$1048,0),MATCH(AC$3&"",PQ_Juli!$B$1:$AF$1&"",0)),0)} -> 0 | AD16: {=IFERROR(INDEX(PQ_Juli!$B$2:$AF$1048,MATCH($C16,PQ_Juli!$A$2:$A$1048,0),MATCH(AD$3&"",PQ_Juli!$B$1:$AF$1&"",0)),0)} -> 0 | AE16: {=IFERROR(INDEX(PQ_Juli!$B$2:$AF$1048,MATCH($C16,PQ_Juli!$A$2:$A$1048,0),MATCH(AE$3&"",PQ_Juli!$B$1:$AF$1&"",0)),0)} -> 0 | AF16: {=IFERROR(INDEX(PQ_Juli!$B$2:$AF$1048,MATCH($C16,PQ_Juli!$A$2:$A$1048,0),MATCH(AF$3&"",PQ_Juli!$B$1:$AF$1&"",0)),0)} -> 6 | AH16: {=IFERROR(INDEX(PQ_Juli!$B$2:$AF$1048,MATCH($C16,PQ_Juli!$A$2:$A$1048,0),MATCH(AH$3&"",PQ_Juli!$B$1:$AF$1&"",0)),0)} -> 2 | AI16: {=IFERROR(INDEX(PQ_Juli!$B$2:$AF$1048,MATCH($C16,PQ_Juli!$A$2:$A$1048,0),MATCH(AI$3&"",PQ_Juli!$B$1:$AF$1&"",0)),0)} -> 1 | AJ16: {=IFERROR(INDEX(PQ_Juli!$B$2:$AF$1048,MATCH($C16,PQ_Juli!$A$2:$A$1048,0),MATCH(AJ$3&"",PQ_Juli!$B$1:$AF$1&"",0)),0)} -> 2 | AK16: {=IFERROR(INDEX(PQ_Juli!$B$2:$AF$1048,MATCH($C16,PQ_Juli!$A$2:$A$1048,0),MATCH(AK$3&"",PQ_Juli!$B$1:$AF$1&"",0)),0)} -> 1 | AL16: {=IFERROR(INDEX(PQ_Juli!$B$2:$AF$1048,MATCH($C16,PQ_Juli!$A$2:$A$1048,0),MATCH(AL$3&"",PQ_Juli!$B$1:$AF$1&"",0)),0)} -> 1 | AM16: 6 | AN16: =SUM(H16:AL16)+AM16 -> 42 | AO16: =(G16-AN16)+AZ16 -> 46 | AP16: 20 | AQ16: Pcs | AR16: 46210 | AS16: 1 | AV16: 46213 | AX16: =IFERROR(IF(AV16="",0,$D16*AS16),0) -> 60 | AY16: =IFERROR(IF(AW16="",0,$D16*AU16),0) -> 0 | AZ16: =AX16+AY16 -> 60 | BA16: =(G16-AN16)+AZ16 -> 46 | BN16: 40
A17: =AO17 -> 31 | C17: IgE Total | D17: 60 | E17: 30 | F17: 40 | G17: 68 | H17: {=IFERROR(INDEX(PQ_Juli!$B$2:$AF$1048,MATCH($C17,PQ_Juli!$A$2:$A$1048,0),MATCH(H$3&"",PQ_Juli!$B$1:$AF$1&"",0)),0)} -> 1 | I17: {=IFERROR(INDEX(PQ_Juli!$B$2:$AF$1048,MATCH($C17,PQ_Juli!$A$2:$A$1048,0),MATCH(I$3&"",PQ_Juli!$B$1:$AF$1&"",0)),0)} -> 3 | J17: {=IFERROR(INDEX(PQ_Juli!$B$2:$AF$1048,MATCH($C17,PQ_Juli!$A$2:$A$1048,0),MATCH(J$3&"",PQ_Juli!$B$1:$AF$1&"",0)),0)} -> 3 | K17: {=IFERROR(INDEX(PQ_Juli!$B$2:$AF$1048,MATCH($C17,PQ_Juli!$A$2:$A$1048,0),MATCH(K$3&"",PQ_Juli!$B$1:$AF$1&"",0)),0)} -> 3 | M17: {=IFERROR(INDEX(PQ_Juli!$B$2:$AF$1048,MATCH($C17,PQ_Juli!$A$2:$A$1048,0),MATCH(M$3&"",PQ_Juli!$B$1:$AF$1&"",0)),0)} -> 1 | N17: {=IFERROR(INDEX(PQ_Juli!$B$2:$AF$1048,MATCH($C17,PQ_Juli!$A$2:$A$1048,0),MATCH(N$3&"",PQ_Juli!$B$1:$AF$1&"",0)),0)} -> 0 | O17: {=IFERROR(INDEX(PQ_Juli!$B$2:$AF$1048,MATCH($C17,PQ_Juli!$A$2:$A$1048,0),MATCH(O$3&"",PQ_Juli!$B$1:$AF$1&"",0)),0)} -> 1 | P17: {=IFERROR(INDEX(PQ_Juli!$B$2:$AF$1048,MATCH($C17,PQ_Juli!$A$2:$A$1048,0),MATCH(P$3&"",PQ_Juli!$B$1:$AF$1&"",0)),0)} -> 0 | Q17: {=IFERROR(INDEX(PQ_Juli!$B$2:$AF$1048,MATCH($C17,PQ_Juli!$A$2:$A$1048,0),MATCH(Q$3&"",PQ_Juli!$B$1:$AF$1&"",0)),0)} -> 0 | R17: {=IFERROR(INDEX(PQ_Juli!$B$2:$AF$1048,MATCH($C17,PQ_Juli!$A$2:$A$1048,0),MATCH(R$3&"",PQ_Juli!$B$1:$AF$1&"",0)),0)} -> 0 | T17: {=IFERROR(INDEX(PQ_Juli!$B$2:$AF$1048,MATCH($C17,PQ_Juli!$A$2:$A$1048,0),MATCH(T$3&"",PQ_Juli!$B$1:$AF$1&"",0)),0)} -> 2 | U17: {=IFERROR(INDEX(PQ_Juli!$B$2:$AF$1048,MATCH($C17,PQ_Juli!$A$2:$A$1048,0),MATCH(U$3&"",PQ_Juli!$B$1:$AF$1&"",0)),0)} -> 1 | V17: {=IFERROR(INDEX(PQ_Juli!$B$2:$AF$1048,MATCH($C17,PQ_Juli!$A$2:$A$1048,0),MATCH(V$3&"",PQ_Juli!$B$1:$AF$1&"",0)),0)} -> 1 | W17: {=IFERROR(INDEX(PQ_Juli!$B$2:$AF$1048,MATCH($C17,PQ_Juli!$A$2:$A$1048,0),MATCH(W$3&"",PQ_Juli!$B$1:$AF$1&"",0)),0)} -> 5 | X17: {=IFERROR(INDEX(PQ_Juli!$B$2:$AF$1048,MATCH($C17,PQ_Juli!$A$2:$A$1048,0),MATCH(X$3&"",PQ_Juli!$B$1:$AF$1&"",0)),0)} -> 0 | Y17: {=IFERROR(INDEX(PQ_Juli!$B$2:$AF$1048,MATCH($C17,PQ_Juli!$A$2:$A$1048,0),MATCH(Y$3&"",PQ_Juli!$B$1:$AF$1&"",0)),0)} -> 1 | AA17: {=IFERROR(INDEX(PQ_Juli!$B$2:$AF$1048,MATCH($C17,PQ_Juli!$A$2:$A$1048,0),MATCH(AA$3&"",PQ_Juli!$B$1:$AF$1&"",0)),0)} -> 1 | AB17: {=IFERROR(INDEX(PQ_Juli!$B$2:$AF$1048,MATCH($C17,PQ_Juli!$A$2:$A$1048,0),MATCH(AB$3&"",PQ_Juli!$B$1:$AF$1&"",0)),0)} -> 3 | AC17: {=IFERROR(INDEX(PQ_Juli!$B$2:$AF$1048,MATCH($C17,PQ_Juli!$A$2:$A$1048,0),MATCH(AC$3&"",PQ_Juli!$B$1:$AF$1&"",0)),0)} -> 2 | AD17: {=IFERROR(INDEX(PQ_Juli!$B$2:$AF$1048,MATCH($C17,PQ_Juli!$A$2:$A$1048,0),MATCH(AD$3&"",PQ_Juli!$B$1:$AF$1&"",0)),0)} -> 2 | AE17: {=IFERROR(INDEX(PQ_Juli!$B$2:$AF$1048,MATCH($C17,PQ_Juli!$A$2:$A$1048,0),MATCH(AE$3&"",PQ_Juli!$B$1:$AF$1&"",0)),0)} -> 0 | AF17: {=IFERROR(INDEX(PQ_Juli!$B$2:$AF$1048,MATCH($C17,PQ_Juli!$A$2:$A$1048,0),MATCH(AF$3&"",PQ_Juli!$B$1:$AF$1&"",0)),0)} -> 1 | AH17: {=IFERROR(INDEX(PQ_Juli!$B$2:$AF$1048,MATCH($C17,PQ_Juli!$A$2:$A$1048,0),MATCH(AH$3&"",PQ_Juli!$B$1:$AF$1&"",0)),0)} -> 1 | AI17: {=IFERROR(INDEX(PQ_Juli!$B$2:$AF$1048,MATCH($C17,PQ_Juli!$A$2:$A$1048,0),MATCH(AI$3&"",PQ_Juli!$B$1:$AF$1&"",0)),0)} -> 1 | AJ17: {=IFERROR(INDEX(PQ_Juli!$B$2:$AF$1048,MATCH($C17,PQ_Juli!$A$2:$A$1048,0),MATCH(AJ$3&"",PQ_Juli!$B$1:$AF$1&"",0)),0)} -> 1 | AK17: {=IFERROR(INDEX(PQ_Juli!$B$2:$AF$1048,MATCH($C17,PQ_Juli!$A$2:$A$1048,0),MATCH(AK$3&"",PQ_Juli!$B$1:$AF$1&"",0)),0)} -> 0 | AL17: {=IFERROR(INDEX(PQ_Juli!$B$2:$AF$1048,MATCH($C17,PQ_Juli!$A$2:$A$1048,0),MATCH(AL$3&"",PQ_Juli!$B$1:$AF$1&"",0)),0)} -> 0 | AM17: 3 | AN17: =SUM(H17:AL17)+AM17 -> 37 | AO17: =(G17-AN17)+AZ17 -> 31 | AP17: 20 | AQ17: Pcs | AX17: =IFERROR(IF(AV17="",0,$D17*AS17),0) -> 0 | AY17: =IFERROR(IF(AW17="",0,$D17*AU17),0) -> 0 | AZ17: =AX17+AY17 -> 0 | BA17: =(G17-AN17)+AZ17 -> 31 | BN17: 72
A18: =AO18 -> 34 | C18: Estradiol | D18: 60 | E18: 6 | F18: 12 | G18: 65 | H18: {=IFERROR(INDEX(PQ_Juli!$B$2:$AF$1048,MATCH($C18,PQ_Juli!$A$2:$A$1048,0),MATCH(H$3&"",PQ_Juli!$B$1:$AF$1&"",0)),0)} -> 0 | I18: {=IFERROR(INDEX(PQ_Juli!$B$2:$AF$1048,MATCH($C18,PQ_Juli!$A$2:$A$1048,0),MATCH(I$3&"",PQ_Juli!$B$1:$AF$1&"",0)),0)} -> 1 | J18: {=IFERROR(INDEX(PQ_Juli!$B$2:$AF$1048,MATCH($C18,PQ_Juli!$A$2:$A$1048,0),MATCH(J$3&"",PQ_Juli!$B$1:$AF$1&"",0)),0)} -> 1 | K18: {=IFERROR(INDEX(PQ_Juli!$B$2:$AF$1048,MATCH($C18,PQ_Juli!$A$2:$A$1048,0),MATCH(K$3&"",PQ_Juli!$B$1:$AF$1&"",0)),0)} -> 1 | M18: {=IFERROR(INDEX(PQ_Juli!$B$2:$AF$1048,MATCH($C18,PQ_Juli!$A$2:$A$1048,0),MATCH(M$3&"",PQ_Juli!$B$1:$AF$1&"",0)),0)} -> 1 | N18: {=IFERROR(INDEX(PQ_Juli!$B$2:$AF$1048,MATCH($C18,PQ_Juli!$A$2:$A$1048,0),MATCH(N$3&"",PQ_Juli!$B$1:$AF$1&"",0)),0)} -> 2 | O18: {=IFERROR(INDEX(PQ_Juli!$B$2:$AF$1048,MATCH($C18,PQ_Juli!$A$2:$A$1048,0),MATCH(O$3&"",PQ_Juli!$B$1:$AF$1&"",0)),0)} -> 0 | P18: {=IFERROR(INDEX(PQ_Juli!$B$2:$AF$1048,MATCH($C18,PQ_Juli!$A$2:$A$1048,0),MATCH(P$3&"",PQ_Juli!$B$1:$AF$1&"",0)),0)} -> 0 | Q18: {=IFERROR(INDEX(PQ_Juli!$B$2:$AF$1048,MATCH($C18,PQ_Juli!$A$2:$A$1048,0),MATCH(Q$3&"",PQ_Juli!$B$1:$AF$1&"",0)),0)} -> 1 | R18: {=IFERROR(INDEX(PQ_Juli!$B$2:$AF$1048,MATCH($C18,PQ_Juli!$A$2:$A$1048,0),MATCH(R$3&"",PQ_Juli!$B$1:$AF$1&"",0)),0)} -> 0 | T18: {=IFERROR(INDEX(PQ_Juli!$B$2:$AF$1048,MATCH($C18,PQ_Juli!$A$2:$A$1048,0),MATCH(T$3&"",PQ_Juli!$B$1:$AF$1&"",0)),0)} -> 3 | U18: {=IFERROR(INDEX(PQ_Juli!$B$2:$AF$1048,MATCH($C18,PQ_Juli!$A$2:$A$1048,0),MATCH(U$3&"",PQ_Juli!$B$1:$AF$1&"",0)),0)} -> 2 | V18: {=IFERROR(INDEX(PQ_Juli!$B$2:$AF$1048,MATCH($C18,PQ_Juli!$A$2:$A$1048,0),MATCH(V$3&"",PQ_Juli!$B$1:$AF$1&"",0)),0)} -> 3 | W18: {=IFERROR(INDEX(PQ_Juli!$B$2:$AF$1048,MATCH($C18,PQ_Juli!$A$2:$A$1048,0),MATCH(W$3&"",PQ_Juli!$B$1:$AF$1&"",0)),0)} -> 1 | X18: {=IFERROR(INDEX(PQ_Juli!$B$2:$AF$1048,MATCH($C18,PQ_Juli!$A$2:$A$1048,0),MATCH(X$3&"",PQ_Juli!$B$1:$AF$1&"",0)),0)} -> 1 | Y18: {=IFERROR(INDEX(PQ_Juli!$B$2:$AF$1048,MATCH($C18,PQ_Juli!$A$2:$A$1048,0),MATCH(Y$3&"",PQ_Juli!$B$1:$AF$1&"",0)),0)} -> 0 | AA18: {=IFERROR(INDEX(PQ_Juli!$B$2:$AF$1048,MATCH($C18,PQ_Juli!$A$2:$A$1048,0),MATCH(AA$3&"",PQ_Juli!$B$1:$AF$1&"",0)),0)} -> 1 | AB18: {=IFERROR(INDEX(PQ_Juli!$B$2:$AF$1048,MATCH($C18,PQ_Juli!$A$2:$A$1048,0),MATCH(AB$3&"",PQ_Juli!$B$1:$AF$1&"",0)),0)} -> 2 | AC18: {=IFERROR(INDEX(PQ_Juli!$B$2:$AF$1048,MATCH($C18,PQ_Juli!$A$2:$A$1048,0),MATCH(AC$3&"",PQ_Juli!$B$1:$AF$1&"",0)),0)} -> 1 | AD18: {=IFERROR(INDEX(PQ_Juli!$B$2:$AF$1048,MATCH($C18,PQ_Juli!$A$2:$A$1048,0),MATCH(AD$3&"",PQ_Juli!$B$1:$AF$1&"",0)),0)} -> 1 | AE18: {=IFERROR(INDEX(PQ_Juli!$B$2:$AF$1048,MATCH($C18,PQ_Juli!$A$2:$A$1048,0),MATCH(AE$3&"",PQ_Juli!$B$1:$AF$1&"",0)),0)} -> 2 | AF18: {=IFERROR(INDEX(PQ_Juli!$B$2:$AF$1048,MATCH($C18,PQ_Juli!$A$2:$A$1048,0),MATCH(AF$3&"",PQ_Juli!$B$1:$AF$1&"",0)),0)} -> 0 | AH18: {=IFERROR(INDEX(PQ_Juli!$B$2:$AF$1048,MATCH($C18,PQ_Juli!$A$2:$A$1048,0),MATCH(AH$3&"",PQ_Juli!$B$1:$AF$1&"",0)),0)} -> 2 | AI18: {=IFERROR(INDEX(PQ_Juli!$B$2:$AF$1048,MATCH($C18,PQ_Juli!$A$2:$A$1048,0),MATCH(AI$3&"",PQ_Juli!$B$1:$AF$1&"",0)),0)} -> 1 | AJ18: {=IFERROR(INDEX(PQ_Juli!$B$2:$AF$1048,MATCH($C18,PQ_Juli!$A$2:$A$1048,0),MATCH(AJ$3&"",PQ_Juli!$B$1:$AF$1&"",0)),0)} -> 1 | AK18: {=IFERROR(INDEX(PQ_Juli!$B$2:$AF$1048,MATCH($C18,PQ_Juli!$A$2:$A$1048,0),MATCH(AK$3&"",PQ_Juli!$B$1:$AF$1&"",0)),0)} -> 1 | AL18: {=IFERROR(INDEX(PQ_Juli!$B$2:$AF$1048,MATCH($C18,PQ_Juli!$A$2:$A$1048,0),MATCH(AL$3&"",PQ_Juli!$B$1:$AF$1&"",0)),0)} -> 2 | AN18: =SUM(H18:AL18)+AM18 -> 31 | AO18: =(G18-AN18)+AZ18 -> 34 | AP18: 20 | AQ18: Pcs | AX18: =IFERROR(IF(AV18="",0,$D18*AS18),0) -> 0 | AY18: =IFERROR(IF(AW18="",0,$D18*AU18),0) -> 0 | AZ18: =AX18+AY18 -> 0 | BA18: =(G18-AN18)+AZ18 -> 34 | BN18: 68
A19: =AO19 -> 26 | C19: Progesteron | D19: 60 | E19: 3 | F19: 6 | G19: 42 | H19: {=IFERROR(INDEX(PQ_Juli!$B$2:$AF$1048,MATCH($C19,PQ_Juli!$A$2:$A$1048,0),MATCH(H$3&"",PQ_Juli!$B$1:$AF$1&"",0)),0)} -> 0 | I19: {=IFERROR(INDEX(PQ_Juli!$B$2:$AF$1048,MATCH($C19,PQ_Juli!$A$2:$A$1048,0),MATCH(I$3&"",PQ_Juli!$B$1:$AF$1&"",0)),0)} -> 0 | J19: {=IFERROR(INDEX(PQ_Juli!$B$2:$AF$1048,MATCH($C19,PQ_Juli!$A$2:$A$1048,0),MATCH(J$3&"",PQ_Juli!$B$1:$AF$1&"",0)),0)} -> 0 | K19: {=IFERROR(INDEX(PQ_Juli!$B$2:$AF$1048,MATCH($C19,PQ_Juli!$A$2:$A$1048,0),MATCH(K$3&"",PQ_Juli!$B$1:$AF$1&"",0)),0)} -> 0 | M19: {=IFERROR(INDEX(PQ_Juli!$B$2:$AF$1048,MATCH($C19,PQ_Juli!$A$2:$A$1048,0),MATCH(M$3&"",PQ_Juli!$B$1:$AF$1&"",0)),0)} -> 0 | N19: {=IFERROR(INDEX(PQ_Juli!$B$2:$AF$1048,MATCH($C19,PQ_Juli!$A$2:$A$1048,0),MATCH(N$3&"",PQ_Juli!$B$1:$AF$1&"",0)),0)} -> 0 | O19: {=IFERROR(INDEX(PQ_Juli!$B$2:$AF$1048,MATCH($C19,PQ_Juli!$A$2:$A$1048,0),MATCH(O$3&"",PQ_Juli!$B$1:$AF$1&"",0)),0)} -> 0 | P19: {=IFERROR(INDEX(PQ_Juli!$B$2:$AF$1048,MATCH($C19,PQ_Juli!$A$2:$A$1048,0),MATCH(P$3&"",PQ_Juli!$B$1:$AF$1&"",0)),0)} -> 0 | Q19: {=IFERROR(INDEX(PQ_Juli!$B$2:$AF$1048,MATCH($C19,PQ_Juli!$A$2:$A$1048,0),MATCH(Q$3&"",PQ_Juli!$B$1:$AF$1&"",0)),0)} -> 0 | R19: {=IFERROR(INDEX(PQ_Juli!$B$2:$AF$1048,MATCH($C19,PQ_Juli!$A$2:$A$1048,0),MATCH(R$3&"",PQ_Juli!$B$1:$AF$1&"",0)),0)} -> 0 | T19: {=IFERROR(INDEX(PQ_Juli!$B$2:$AF$1048,MATCH($C19,PQ_Juli!$A$2:$A$1048,0),MATCH(T$3&"",PQ_Juli!$B$1:$AF$1&"",0)),0)} -> 2 | U19: {=IFERROR(INDEX(PQ_Juli!$B$2:$AF$1048,MATCH($C19,PQ_Juli!$A$2:$A$1048,0),MATCH(U$3&"",PQ_Juli!$B$1:$AF$1&"",0)),0)} -> 0 | V19: {=IFERROR(INDEX(PQ_Juli!$B$2:$AF$1048,MATCH($C19,PQ_Juli!$A$2:$A$1048,0),MATCH(V$3&"",PQ_Juli!$B$1:$AF$1&"",0)),0)} -> 0 | W19: {=IFERROR(INDEX(PQ_Juli!$B$2:$AF$1048,MATCH($C19,PQ_Juli!$A$2:$A$1048,0),MATCH(W$3&"",PQ_Juli!$B$1:$AF$1&"",0)),0)} -> 0 | X19: {=IFERROR(INDEX(PQ_Juli!$B$2:$AF$1048,MATCH($C19,PQ_Juli!$A$2:$A$1048,0),MATCH(X$3&"",PQ_Juli!$B$1:$AF$1&"",0)),0)} -> 1 | Y19: {=IFERROR(INDEX(PQ_Juli!$B$2:$AF$1048,MATCH($C19,PQ_Juli!$A$2:$A$1048,0),MATCH(Y$3&"",PQ_Juli!$B$1:$AF$1&"",0)),0)} -> 0 | AA19: {=IFERROR(INDEX(PQ_Juli!$B$2:$AF$1048,MATCH($C19,PQ_Juli!$A$2:$A$1048,0),MATCH(AA$3&"",PQ_Juli!$B$1:$AF$1&"",0)),0)} -> 2 | AB19: {=IFERROR(INDEX(PQ_Juli!$B$2:$AF$1048,MATCH($C19,PQ_Juli!$A$2:$A$1048,0),MATCH(AB$3&"",PQ_Juli!$B$1:$AF$1&"",0)),0)} -> 0 | AC19: {=IFERROR(INDEX(PQ_Juli!$B$2:$AF$1048,MATCH($C19,PQ_Juli!$A$2:$A$1048,0),MATCH(AC$3&"",PQ_Juli!$B$1:$AF$1&"",0)),0)} -> 1 | AD19: {=IFERROR(INDEX(PQ_Juli!$B$2:$AF$1048,MATCH($C19,PQ_Juli!$A$2:$A$1048,0),MATCH(AD$3&"",PQ_Juli!$B$1:$AF$1&"",0)),0)} -> 1 | AE19: {=IFERROR(INDEX(PQ_Juli!$B$2:$AF$1048,MATCH($C19,PQ_Juli!$A$2:$A$1048,0),MATCH(AE$3&"",PQ_Juli!$B$1:$AF$1&"",0)),0)} -> 2 | AF19: {=IFERROR(INDEX(PQ_Juli!$B$2:$AF$1048,MATCH($C19,PQ_Juli!$A$2:$A$1048,0),MATCH(AF$3&"",PQ_Juli!$B$1:$AF$1&"",0)),0)} -> 1 | AH19: {=IFERROR(INDEX(PQ_Juli!$B$2:$AF$1048,MATCH($C19,PQ_Juli!$A$2:$A$1048,0),MATCH(AH$3&"",PQ_Juli!$B$1:$AF$1&"",0)),0)} -> 0 | AI19: {=IFERROR(INDEX(PQ_Juli!$B$2:$AF$1048,MATCH($C19,PQ_Juli!$A$2:$A$1048,0),MATCH(AI$3&"",PQ_Juli!$B$1:$AF$1&"",0)),0)} -> 2 | AJ19: {=IFERROR(INDEX(PQ_Juli!$B$2:$AF$1048,MATCH($C19,PQ_Juli!$A$2:$A$1048,0),MATCH(AJ$3&"",PQ_Juli!$B$1:$AF$1&"",0)),0)} -> 0 | AK19: {=IFERROR(INDEX(PQ_Juli!$B$2:$AF$1048,MATCH($C19,PQ_Juli!$A$2:$A$1048,0),MATCH(AK$3&"",PQ_Juli!$B$1:$AF$1&"",0)),0)} -> 0 | AL19: {=IFERROR(INDEX(PQ_Juli!$B$2:$AF$1048,MATCH($C19,PQ_Juli!$A$2:$A$1048,0),MATCH(AL$3&"",PQ_Juli!$B$1:$AF$1&"",0)),0)} -> 0 | AM19: 4 | AN19: =SUM(H19:AL19)+AM19 -> 16 | AO19: =(G19-AN19)+AZ19 -> 26 | AP19: 15 | AQ19: Pcs | AX19: =IFERROR(IF(AV19="",0,$D19*AS19),0) -> 0 | AY19: =IFERROR(IF(AW19="",0,$D19*AU19),0) -> 0 | AZ19: =AX19+AY19 -> 0 | BA19: =(G19-AN19)+AZ19 -> 26 | BN19: 49
A20: =AO20 -> #REF! | C20: AFP | D20: 60 | E20: 54 | F20: 24 | G20: =#REF! -> #REF! | H20: {=IFERROR(INDEX(PQ_Juli!$B$2:$AF$1048,MATCH($C20,PQ_Juli!$A$2:$A$1048,0),MATCH(H$3&"",PQ_Juli!$B$1:$AF$1&"",0)),0)} -> 2 | I20: {=IFERROR(INDEX(PQ_Juli!$B$2:$AF$1048,MATCH($C20,PQ_Juli!$A$2:$A$1048,0),MATCH(I$3&"",PQ_Juli!$B$1:$AF$1&"",0)),0)} -> 0 | J20: {=IFERROR(INDEX(PQ_Juli!$B$2:$AF$1048,MATCH($C20,PQ_Juli!$A$2:$A$1048,0),MATCH(J$3&"",PQ_Juli!$B$1:$AF$1&"",0)),0)} -> 3 | K20: {=IFERROR(INDEX(PQ_Juli!$B$2:$AF$1048,MATCH($C20,PQ_Juli!$A$2:$A$1048,0),MATCH(K$3&"",PQ_Juli!$B$1:$AF$1&"",0)),0)} -> 0 | M20: {=IFERROR(INDEX(PQ_Juli!$B$2:$AF$1048,MATCH($C20,PQ_Juli!$A$2:$A$1048,0),MATCH(M$3&"",PQ_Juli!$B$1:$AF$1&"",0)),0)} -> 0 | N20: {=IFERROR(INDEX(PQ_Juli!$B$2:$AF$1048,MATCH($C20,PQ_Juli!$A$2:$A$1048,0),MATCH(N$3&"",PQ_Juli!$B$1:$AF$1&"",0)),0)} -> 0 | O20: {=IFERROR(INDEX(PQ_Juli!$B$2:$AF$1048,MATCH($C20,PQ_Juli!$A$2:$A$1048,0),MATCH(O$3&"",PQ_Juli!$B$1:$AF$1&"",0)),0)} -> 0 | P20: {=IFERROR(INDEX(PQ_Juli!$B$2:$AF$1048,MATCH($C20,PQ_Juli!$A$2:$A$1048,0),MATCH(P$3&"",PQ_Juli!$B$1:$AF$1&"",0)),0)} -> 0 | Q20: {=IFERROR(INDEX(PQ_Juli!$B$2:$AF$1048,MATCH($C20,PQ_Juli!$A$2:$A$1048,0),MATCH(Q$3&"",PQ_Juli!$B$1:$AF$1&"",0)),0)} -> 2 | R20: {=IFERROR(INDEX(PQ_Juli!$B$2:$AF$1048,MATCH($C20,PQ_Juli!$A$2:$A$1048,0),MATCH(R$3&"",PQ_Juli!$B$1:$AF$1&"",0)),0)} -> 1 | T20: {=IFERROR(INDEX(PQ_Juli!$B$2:$AF$1048,MATCH($C20,PQ_Juli!$A$2:$A$1048,0),MATCH(T$3&"",PQ_Juli!$B$1:$AF$1&"",0)),0)} -> 1 | U20: {=IFERROR(INDEX(PQ_Juli!$B$2:$AF$1048,MATCH($C20,PQ_Juli!$A$2:$A$1048,0),MATCH(U$3&"",PQ_Juli!$B$1:$AF$1&"",0)),0)} -> 0 | V20: {=IFERROR(INDEX(PQ_Juli!$B$2:$AF$1048,MATCH($C20,PQ_Juli!$A$2:$A$1048,0),MATCH(V$3&"",PQ_Juli!$B$1:$AF$1&"",0)),0)} -> 1 | W20: {=IFERROR(INDEX(PQ_Juli!$B$2:$AF$1048,MATCH($C20,PQ_Juli!$A$2:$A$1048,0),MATCH(W$3&"",PQ_Juli!$B$1:$AF$1&"",0)),0)} -> 3 | X20: {=IFERROR(INDEX(PQ_Juli!$B$2:$AF$1048,MATCH($C20,PQ_Juli!$A$2:$A$1048,0),MATCH(X$3&"",PQ_Juli!$B$1:$AF$1&"",0)),0)} -> 0 | Y20: {=IFERROR(INDEX(PQ_Juli!$B$2:$AF$1048,MATCH($C20,PQ_Juli!$A$2:$A$1048,0),MATCH(Y$3&"",PQ_Juli!$B$1:$AF$1&"",0)),0)} -> 0 | AA20: {=IFERROR(INDEX(PQ_Juli!$B$2:$AF$1048,MATCH($C20,PQ_Juli!$A$2:$A$1048,0),MATCH(AA$3&"",PQ_Juli!$B$1:$AF$1&"",0)),0)} -> 0 | AB20: {=IFERROR(INDEX(PQ_Juli!$B$2:$AF$1048,MATCH($C20,PQ_Juli!$A$2:$A$1048,0),MATCH(AB$3&"",PQ_Juli!$B$1:$AF$1&"",0)),0)} -> 1 | AC20: {=IFERROR(INDEX(PQ_Juli!$B$2:$AF$1048,MATCH($C20,PQ_Juli!$A$2:$A$1048,0),MATCH(AC$3&"",PQ_Juli!$B$1:$AF$1&"",0)),0)} -> 0 | AD20: {=IFERROR(INDEX(PQ_Juli!$B$2:$AF$1048,MATCH($C20,PQ_Juli!$A$2:$A$1048,0),MATCH(AD$3&"",PQ_Juli!$B$1:$AF$1&"",0)),0)} -> 0 | AE20: {=IFERROR(INDEX(PQ_Juli!$B$2:$AF$1048,MATCH($C20,PQ_Juli!$A$2:$A$1048,0),MATCH(AE$3&"",PQ_Juli!$B$1:$AF$1&"",0)),0)} -> 1 | AF20: {=IFERROR(INDEX(PQ_Juli!$B$2:$AF$1048,MATCH($C20,PQ_Juli!$A$2:$A$1048,0),MATCH(AF$3&"",PQ_Juli!$B$1:$AF$1&"",0)),0)} -> 0 | AH20: {=IFERROR(INDEX(PQ_Juli!$B$2:$AF$1048,MATCH($C20,PQ_Juli!$A$2:$A$1048,0),MATCH(AH$3&"",PQ_Juli!$B$1:$AF$1&"",0)),0)} -> 0 | AI20: {=IFERROR(INDEX(PQ_Juli!$B$2:$AF$1048,MATCH($C20,PQ_Juli!$A$2:$A$1048,0),MATCH(AI$3&"",PQ_Juli!$B$1:$AF$1&"",0)),0)} -> 0 | AJ20: {=IFERROR(INDEX(PQ_Juli!$B$2:$AF$1048,MATCH($C20,PQ_Juli!$A$2:$A$1048,0),MATCH(AJ$3&"",PQ_Juli!$B$1:$AF$1&"",0)),0)} -> 0 | AK20: {=IFERROR(INDEX(PQ_Juli!$B$2:$AF$1048,MATCH($C20,PQ_Juli!$A$2:$A$1048,0),MATCH(AK$3&"",PQ_Juli!$B$1:$AF$1&"",0)),0)} -> 0 | AL20: {=IFERROR(INDEX(PQ_Juli!$B$2:$AF$1048,MATCH($C20,PQ_Juli!$A$2:$A$1048,0),MATCH(AL$3&"",PQ_Juli!$B$1:$AF$1&"",0)),0)} -> 0 | AM20: 3 | AN20: =SUM(H20:AL20)+AM20 -> 18 | AO20: =(G20-AN20)+AZ20 -> #REF! | AP20: 30 | AQ20: Pcs | AX20: =IFERROR(IF(AV20="",0,$D20*AS20),0) -> 0 | AY20: =IFERROR(IF(AW20="",0,$D20*AU20),0) -> 0 | AZ20: =AX20+AY20 -> 0 | BA20: =(G20-AN20)+AZ20 -> #REF! | BN20: 90
A21: =AO21 -> 19 | C21: HBeAg | D21: 30 | E21: 7 | F21: 12 | G21: 23 | H21: {=IFERROR(INDEX(PQ_Juli!$B$2:$AF$1048,MATCH($C21,PQ_Juli!$A$2:$A$1048,0),MATCH(H$3&"",PQ_Juli!$B$1:$AF$1&"",0)),0)} -> 0 | I21: {=IFERROR(INDEX(PQ_Juli!$B$2:$AF$1048,MATCH($C21,PQ_Juli!$A$2:$A$1048,0),MATCH(I$3&"",PQ_Juli!$B$1:$AF$1&"",0)),0)} -> 0 | J21: {=IFERROR(INDEX(PQ_Juli!$B$2:$AF$1048,MATCH($C21,PQ_Juli!$A$2:$A$1048,0),MATCH(J$3&"",PQ_Juli!$B$1:$AF$1&"",0)),0)} -> 0 | K21: {=IFERROR(INDEX(PQ_Juli!$B$2:$AF$1048,MATCH($C21,PQ_Juli!$A$2:$A$1048,0),MATCH(K$3&"",PQ_Juli!$B$1:$AF$1&"",0)),0)} -> 0 | M21: {=IFERROR(INDEX(PQ_Juli!$B$2:$AF$1048,MATCH($C21,PQ_Juli!$A$2:$A$1048,0),MATCH(M$3&"",PQ_Juli!$B$1:$AF$1&"",0)),0)} -> 0 | N21: {=IFERROR(INDEX(PQ_Juli!$B$2:$AF$1048,MATCH($C21,PQ_Juli!$A$2:$A$1048,0),MATCH(N$3&"",PQ_Juli!$B$1:$AF$1&"",0)),0)} -> 0 | O21: {=IFERROR(INDEX(PQ_Juli!$B$2:$AF$1048,MATCH($C21,PQ_Juli!$A$2:$A$1048,0),MATCH(O$3&"",PQ_Juli!$B$1:$AF$1&"",0)),0)} -> 5 | P21: {=IFERROR(INDEX(PQ_Juli!$B$2:$AF$1048,MATCH($C21,PQ_Juli!$A$2:$A$1048,0),MATCH(P$3&"",PQ_Juli!$B$1:$AF$1&"",0)),0)} -> 0 | Q21: {=IFERROR(INDEX(PQ_Juli!$B$2:$AF$1048,MATCH($C21,PQ_Juli!$A$2:$A$1048,0),MATCH(Q$3&"",PQ_Juli!$B$1:$AF$1&"",0)),0)} -> 5 | R21: {=IFERROR(INDEX(PQ_Juli!$B$2:$AF$1048,MATCH($C21,PQ_Juli!$A$2:$A$1048,0),MATCH(R$3&"",PQ_Juli!$B$1:$AF$1&"",0)),0)} -> 1 | T21: {=IFERROR(INDEX(PQ_Juli!$B$2:$AF$1048,MATCH($C21,PQ_Juli!$A$2:$A$1048,0),MATCH(T$3&"",PQ_Juli!$B$1:$AF$1&"",0)),0)} -> 1 | U21: {=IFERROR(INDEX(PQ_Juli!$B$2:$AF$1048,MATCH($C21,PQ_Juli!$A$2:$A$1048,0),MATCH(U$3&"",PQ_Juli!$B$1:$AF$1&"",0)),0)} -> 7 | V21: {=IFERROR(INDEX(PQ_Juli!$B$2:$AF$1048,MATCH($C21,PQ_Juli!$A$2:$A$1048,0),MATCH(V$3&"",PQ_Juli!$B$1:$AF$1&"",0)),0)} -> 0 | W21: {=IFERROR(INDEX(PQ_Juli!$B$2:$AF$1048,MATCH($C21,PQ_Juli!$A$2:$A$1048,0),MATCH(W$3&"",PQ_Juli!$B$1:$AF$1&"",0)),0)} -> 1 | X21: {=IFERROR(INDEX(PQ_Juli!$B$2:$AF$1048,MATCH($C21,PQ_Juli!$A$2:$A$1048,0),MATCH(X$3&"",PQ_Juli!$B$1:$AF$1&"",0)),0)} -> 0 | Y21: {=IFERROR(INDEX(PQ_Juli!$B$2:$AF$1048,MATCH($C21,PQ_Juli!$A$2:$A$1048,0),MATCH(Y$3&"",PQ_Juli!$B$1:$AF$1&"",0)),0)} -> 0 | AA21: {=IFERROR(INDEX(PQ_Juli!$B$2:$AF$1048,MATCH($C21,PQ_Juli!$A$2:$A$1048,0),MATCH(AA$3&"",PQ_Juli!$B$1:$AF$1&"",0)),0)} -> 1 | AB21: {=IFERROR(INDEX(PQ_Juli!$B$2:$AF$1048,MATCH($C21,PQ_Juli!$A$2:$A$1048,0),MATCH(AB$3&"",PQ_Juli!$B$1:$AF$1&"",0)),0)} -> 0 | AC21: {=IFERROR(INDEX(PQ_Juli!$B$2:$AF$1048,MATCH($C21,PQ_Juli!$A$2:$A$1048,0),MATCH(AC$3&"",PQ_Juli!$B$1:$AF$1&"",0)),0)} -> 1 | AD21: {=IFERROR(INDEX(PQ_Juli!$B$2:$AF$1048,MATCH($C21,PQ_Juli!$A$2:$A$1048,0),MATCH(AD$3&"",PQ_Juli!$B$1:$AF$1&"",0)),0)} -> 0 | AE21: {=IFERROR(INDEX(PQ_Juli!$B$2:$AF$1048,MATCH($C21,PQ_Juli!$A$2:$A$1048,0),MATCH(AE$3&"",PQ_Juli!$B$1:$AF$1&"",0)),0)} -> 0 | AF21: {=IFERROR(INDEX(PQ_Juli!$B$2:$AF$1048,MATCH($C21,PQ_Juli!$A$2:$A$1048,0),MATCH(AF$3&"",PQ_Juli!$B$1:$AF$1&"",0)),0)} -> 0 | AH21: {=IFERROR(INDEX(PQ_Juli!$B$2:$AF$1048,MATCH($C21,PQ_Juli!$A$2:$A$1048,0),MATCH(AH$3&"",PQ_Juli!$B$1:$AF$1&"",0)),0)} -> 0 | AI21: {=IFERROR(INDEX(PQ_Juli!$B$2:$AF$1048,MATCH($C21,PQ_Juli!$A$2:$A$1048,0),MATCH(AI$3&"",PQ_Juli!$B$1:$AF$1&"",0)),0)} -> 0 | AJ21: {=IFERROR(INDEX(PQ_Juli!$B$2:$AF$1048,MATCH($C21,PQ_Juli!$A$2:$A$1048,0),MATCH(AJ$3&"",PQ_Juli!$B$1:$AF$1&"",0)),0)} -> 0 | AK21: {=IFERROR(INDEX(PQ_Juli!$B$2:$AF$1048,MATCH($C21,PQ_Juli!$A$2:$A$1048,0),MATCH(AK$3&"",PQ_Juli!$B$1:$AF$1&"",0)),0)} -> 3 | AL21: {=IFERROR(INDEX(PQ_Juli!$B$2:$AF$1048,MATCH($C21,PQ_Juli!$A$2:$A$1048,0),MATCH(AL$3&"",PQ_Juli!$B$1:$AF$1&"",0)),0)} -> 1 | AM21: 8 | AN21: =SUM(H21:AL21)+AM21 -> 34 | AO21: =(G21-AN21)+AZ21 -> 19 | AP21: 20 | AQ21: Pcs | AR21: 46213 | AS21: 1 | AV21: 46220 | AX21: =IFERROR(IF(AV21="",0,$D21*AS21),0) -> 30 | AY21: =IFERROR(IF(AW21="",0,$D21*AU21),0) -> 0 | AZ21: =AX21+AY21 -> 30 | BA21: =(G21-AN21)+AZ21 -> 19 | BN21: 16
A22: =AO22 -> #REF! | C22: Anti HBc Total | D22: 30 | G22: =#REF! -> #REF! | H22: {=IFERROR(INDEX(PQ_Juli!$B$2:$AF$1048,MATCH($C22,PQ_Juli!$A$2:$A$1048,0),MATCH(H$3&"",PQ_Juli!$B$1:$AF$1&"",0)),0)} -> 0 | I22: {=IFERROR(INDEX(PQ_Juli!$B$2:$AF$1048,MATCH($C22,PQ_Juli!$A$2:$A$1048,0),MATCH(I$3&"",PQ_Juli!$B$1:$AF$1&"",0)),0)} -> 0 | J22: {=IFERROR(INDEX(PQ_Juli!$B$2:$AF$1048,MATCH($C22,PQ_Juli!$A$2:$A$1048,0),MATCH(J$3&"",PQ_Juli!$B$1:$AF$1&"",0)),0)} -> 0 | K22: {=IFERROR(INDEX(PQ_Juli!$B$2:$AF$1048,MATCH($C22,PQ_Juli!$A$2:$A$1048,0),MATCH(K$3&"",PQ_Juli!$B$1:$AF$1&"",0)),0)} -> 0 | M22: {=IFERROR(INDEX(PQ_Juli!$B$2:$AF$1048,MATCH($C22,PQ_Juli!$A$2:$A$1048,0),MATCH(M$3&"",PQ_Juli!$B$1:$AF$1&"",0)),0)} -> 0 | N22: {=IFERROR(INDEX(PQ_Juli!$B$2:$AF$1048,MATCH($C22,PQ_Juli!$A$2:$A$1048,0),MATCH(N$3&"",PQ_Juli!$B$1:$AF$1&"",0)),0)} -> 0 | O22: {=IFERROR(INDEX(PQ_Juli!$B$2:$AF$1048,MATCH($C22,PQ_Juli!$A$2:$A$1048,0),MATCH(O$3&"",PQ_Juli!$B$1:$AF$1&"",0)),0)} -> 0 | P22: {=IFERROR(INDEX(PQ_Juli!$B$2:$AF$1048,MATCH($C22,PQ_Juli!$A$2:$A$1048,0),MATCH(P$3&"",PQ_Juli!$B$1:$AF$1&"",0)),0)} -> 0 | Q22: {=IFERROR(INDEX(PQ_Juli!$B$2:$AF$1048,MATCH($C22,PQ_Juli!$A$2:$A$1048,0),MATCH(Q$3&"",PQ_Juli!$B$1:$AF$1&"",0)),0)} -> 1 | R22: {=IFERROR(INDEX(PQ_Juli!$B$2:$AF$1048,MATCH($C22,PQ_Juli!$A$2:$A$1048,0),MATCH(R$3&"",PQ_Juli!$B$1:$AF$1&"",0)),0)} -> 0 | T22: {=IFERROR(INDEX(PQ_Juli!$B$2:$AF$1048,MATCH($C22,PQ_Juli!$A$2:$A$1048,0),MATCH(T$3&"",PQ_Juli!$B$1:$AF$1&"",0)),0)} -> 1 | U22: {=IFERROR(INDEX(PQ_Juli!$B$2:$AF$1048,MATCH($C22,PQ_Juli!$A$2:$A$1048,0),MATCH(U$3&"",PQ_Juli!$B$1:$AF$1&"",0)),0)} -> 0 | V22: {=IFERROR(INDEX(PQ_Juli!$B$2:$AF$1048,MATCH($C22,PQ_Juli!$A$2:$A$1048,0),MATCH(V$3&"",PQ_Juli!$B$1:$AF$1&"",0)),0)} -> 0 | W22: {=IFERROR(INDEX(PQ_Juli!$B$2:$AF$1048,MATCH($C22,PQ_Juli!$A$2:$A$1048,0),MATCH(W$3&"",PQ_Juli!$B$1:$AF$1&"",0)),0)} -> 1 | X22: {=IFERROR(INDEX(PQ_Juli!$B$2:$AF$1048,MATCH($C22,PQ_Juli!$A$2:$A$1048,0),MATCH(X$3&"",PQ_Juli!$B$1:$AF$1&"",0)),0)} -> 0 | Y22: {=IFERROR(INDEX(PQ_Juli!$B$2:$AF$1048,MATCH($C22,PQ_Juli!$A$2:$A$1048,0),MATCH(Y$3&"",PQ_Juli!$B$1:$AF$1&"",0)),0)} -> 1 | AA22: {=IFERROR(INDEX(PQ_Juli!$B$2:$AF$1048,MATCH($C22,PQ_Juli!$A$2:$A$1048,0),MATCH(AA$3&"",PQ_Juli!$B$1:$AF$1&"",0)),0)} -> 1 | AB22: {=IFERROR(INDEX(PQ_Juli!$B$2:$AF$1048,MATCH($C22,PQ_Juli!$A$2:$A$1048,0),MATCH(AB$3&"",PQ_Juli!$B$1:$AF$1&"",0)),0)} -> 0 | AC22: {=IFERROR(INDEX(PQ_Juli!$B$2:$AF$1048,MATCH($C22,PQ_Juli!$A$2:$A$1048,0),MATCH(AC$3&"",PQ_Juli!$B$1:$AF$1&"",0)),0)} -> 0 | AD22: {=IFERROR(INDEX(PQ_Juli!$B$2:$AF$1048,MATCH($C22,PQ_Juli!$A$2:$A$1048,0),MATCH(AD$3&"",PQ_Juli!$B$1:$AF$1&"",0)),0)} -> 0 | AE22: {=IFERROR(INDEX(PQ_Juli!$B$2:$AF$1048,MATCH($C22,PQ_Juli!$A$2:$A$1048,0),MATCH(AE$3&"",PQ_Juli!$B$1:$AF$1&"",0)),0)} -> 0 | AF22: {=IFERROR(INDEX(PQ_Juli!$B$2:$AF$1048,MATCH($C22,PQ_Juli!$A$2:$A$1048,0),MATCH(AF$3&"",PQ_Juli!$B$1:$AF$1&"",0)),0)} -> 0 | AH22: {=IFERROR(INDEX(PQ_Juli!$B$2:$AF$1048,MATCH($C22,PQ_Juli!$A$2:$A$1048,0),MATCH(AH$3&"",PQ_Juli!$B$1:$AF$1&"",0)),0)} -> 0 | AI22: {=IFERROR(INDEX(PQ_Juli!$B$2:$AF$1048,MATCH($C22,PQ_Juli!$A$2:$A$1048,0),MATCH(AI$3&"",PQ_Juli!$B$1:$AF$1&"",0)),0)} -> 0 | AJ22: {=IFERROR(INDEX(PQ_Juli!$B$2:$AF$1048,MATCH($C22,PQ_Juli!$A$2:$A$1048,0),MATCH(AJ$3&"",PQ_Juli!$B$1:$AF$1&"",0)),0)} -> 0 | AK22: {=IFERROR(INDEX(PQ_Juli!$B$2:$AF$1048,MATCH($C22,PQ_Juli!$A$2:$A$1048,0),MATCH(AK$3&"",PQ_Juli!$B$1:$AF$1&"",0)),0)} -> 0 | AL22: {=IFERROR(INDEX(PQ_Juli!$B$2:$AF$1048,MATCH($C22,PQ_Juli!$A$2:$A$1048,0),MATCH(AL$3&"",PQ_Juli!$B$1:$AF$1&"",0)),0)} -> 0 | AM22: 5 | AN22: =SUM(H22:AL22)+AM22 -> 10 | AO22: =(G22-AN22)+AZ22 -> #REF! | AP22: 15 | AQ22: Pcs | AX22: =IFERROR(IF(AV22="",0,$D22*AS22),0) -> 0 | AY22: =IFERROR(IF(AW22="",0,$D22*AU22),0) -> 0 | AZ22: =AX22+AY22 -> 0 | BA22: =(G22-AN22)+AZ22 -> #REF! | BN22: 42
A23: =AO23 -> 66 | C23: FT3 | D23: 60 | E23: 20 | F23: 35 | G23: 40 | H23: {=IFERROR(INDEX(PQ_Juli!$B$2:$AF$1048,MATCH($C23,PQ_Juli!$A$2:$A$1048,0),MATCH(H$3&"",PQ_Juli!$B$1:$AF$1&"",0)),0)} -> 0 | I23: {=IFERROR(INDEX(PQ_Juli!$B$2:$AF$1048,MATCH($C23,PQ_Juli!$A$2:$A$1048,0),MATCH(I$3&"",PQ_Juli!$B$1:$AF$1&"",0)),0)} -> 0 | J23: {=IFERROR(INDEX(PQ_Juli!$B$2:$AF$1048,MATCH($C23,PQ_Juli!$A$2:$A$1048,0),MATCH(J$3&"",PQ_Juli!$B$1:$AF$1&"",0)),0)} -> 1 | K23: {=IFERROR(INDEX(PQ_Juli!$B$2:$AF$1048,MATCH($C23,PQ_Juli!$A$2:$A$1048,0),MATCH(K$3&"",PQ_Juli!$B$1:$AF$1&"",0)),0)} -> 0 | M23: {=IFERROR(INDEX(PQ_Juli!$B$2:$AF$1048,MATCH($C23,PQ_Juli!$A$2:$A$1048,0),MATCH(M$3&"",PQ_Juli!$B$1:$AF$1&"",0)),0)} -> 2 | N23: {=IFERROR(INDEX(PQ_Juli!$B$2:$AF$1048,MATCH($C23,PQ_Juli!$A$2:$A$1048,0),MATCH(N$3&"",PQ_Juli!$B$1:$AF$1&"",0)),0)} -> 1 | O23: {=IFERROR(INDEX(PQ_Juli!$B$2:$AF$1048,MATCH($C23,PQ_Juli!$A$2:$A$1048,0),MATCH(O$3&"",PQ_Juli!$B$1:$AF$1&"",0)),0)} -> 1 | P23: {=IFERROR(INDEX(PQ_Juli!$B$2:$AF$1048,MATCH($C23,PQ_Juli!$A$2:$A$1048,0),MATCH(P$3&"",PQ_Juli!$B$1:$AF$1&"",0)),0)} -> 1 | Q23: {=IFERROR(INDEX(PQ_Juli!$B$2:$AF$1048,MATCH($C23,PQ_Juli!$A$2:$A$1048,0),MATCH(Q$3&"",PQ_Juli!$B$1:$AF$1&"",0)),0)} -> 0 | R23: {=IFERROR(INDEX(PQ_Juli!$B$2:$AF$1048,MATCH($C23,PQ_Juli!$A$2:$A$1048,0),MATCH(R$3&"",PQ_Juli!$B$1:$AF$1&"",0)),0)} -> 3 | T23: {=IFERROR(INDEX(PQ_Juli!$B$2:$AF$1048,MATCH($C23,PQ_Juli!$A$2:$A$1048,0),MATCH(T$3&"",PQ_Juli!$B$1:$AF$1&"",0)),0)} -> 4 | U23: {=IFERROR(INDEX(PQ_Juli!$B$2:$AF$1048,MATCH($C23,PQ_Juli!$A$2:$A$1048,0),MATCH(U$3&"",PQ_Juli!$B$1:$AF$1&"",0)),0)} -> 0 | V23: {=IFERROR(INDEX(PQ_Juli!$B$2:$AF$1048,MATCH($C23,PQ_Juli!$A$2:$A$1048,0),MATCH(V$3&"",PQ_Juli!$B$1:$AF$1&"",0)),0)} -> 1 | W23: {=IFERROR(INDEX(PQ_Juli!$B$2:$AF$1048,MATCH($C23,PQ_Juli!$A$2:$A$1048,0),MATCH(W$3&"",PQ_Juli!$B$1:$AF$1&"",0)),0)} -> 1 | X23: {=IFERROR(INDEX(PQ_Juli!$B$2:$AF$1048,MATCH($C23,PQ_Juli!$A$2:$A$1048,0),MATCH(X$3&"",PQ_Juli!$B$1:$AF$1&"",0)),0)} -> 0 | Y23: {=IFERROR(INDEX(PQ_Juli!$B$2:$AF$1048,MATCH($C23,PQ_Juli!$A$2:$A$1048,0),MATCH(Y$3&"",PQ_Juli!$B$1:$AF$1&"",0)),0)} -> 2 | AA23: {=IFERROR(INDEX(PQ_Juli!$B$2:$AF$1048,MATCH($C23,PQ_Juli!$A$2:$A$1048,0),MATCH(AA$3&"",PQ_Juli!$B$1:$AF$1&"",0)),0)} -> 3 | AB23: {=IFERROR(INDEX(PQ_Juli!$B$2:$AF$1048,MATCH($C23,PQ_Juli!$A$2:$A$1048,0),MATCH(AB$3&"",PQ_Juli!$B$1:$AF$1&"",0)),0)} -> 1 | AC23: {=IFERROR(INDEX(PQ_Juli!$B$2:$AF$1048,MATCH($C23,PQ_Juli!$A$2:$A$1048,0),MATCH(AC$3&"",PQ_Juli!$B$1:$AF$1&"",0)),0)} -> 1 | AD23: {=IFERROR(INDEX(PQ_Juli!$B$2:$AF$1048,MATCH($C23,PQ_Juli!$A$2:$A$1048,0),MATCH(AD$3&"",PQ_Juli!$B$1:$AF$1&"",0)),0)} -> 0 | AE23: {=IFERROR(INDEX(PQ_Juli!$B$2:$AF$1048,MATCH($C23,PQ_Juli!$A$2:$A$1048,0),MATCH(AE$3&"",PQ_Juli!$B$1:$AF$1&"",0)),0)} -> 0 | AF23: {=IFERROR(INDEX(PQ_Juli!$B$2:$AF$1048,MATCH($C23,PQ_Juli!$A$2:$A$1048,0),MATCH(AF$3&"",PQ_Juli!$B$1:$AF$1&"",0)),0)} -> 0 | AH23: {=IFERROR(INDEX(PQ_Juli!$B$2:$AF$1048,MATCH($C23,PQ_Juli!$A$2:$A$1048,0),MATCH(AH$3&"",PQ_Juli!$B$1:$AF$1&"",0)),0)} -> 1 | AI23: {=IFERROR(INDEX(PQ_Juli!$B$2:$AF$1048,MATCH($C23,PQ_Juli!$A$2:$A$1048,0),MATCH(AI$3&"",PQ_Juli!$B$1:$AF$1&"",0)),0)} -> 1 | AJ23: {=IFERROR(INDEX(PQ_Juli!$B$2:$AF$1048,MATCH($C23,PQ_Juli!$A$2:$A$1048,0),MATCH(AJ$3&"",PQ_Juli!$B$1:$AF$1&"",0)),0)} -> 1 | AK23: {=IFERROR(INDEX(PQ_Juli!$B$2:$AF$1048,MATCH($C23,PQ_Juli!$A$2:$A$1048,0),MATCH(AK$3&"",PQ_Juli!$B$1:$AF$1&"",0)),0)} -> 1 | AL23: {=IFERROR(INDEX(PQ_Juli!$B$2:$AF$1048,MATCH($C23,PQ_Juli!$A$2:$A$1048,0),MATCH(AL$3&"",PQ_Juli!$B$1:$AF$1&"",0)),0)} -> 0 | AM23: 8 | AN23: =SUM(H23:AL23)+AM23 -> 34 | AO23: =(G23-AN23)+AZ23 -> 66 | AP23: 30 | AQ23: Pcs | AR23: 46219 | AS23: 1 | AV23: 46234 | AX23: =IFERROR(IF(AV23="",0,$D23*AS23),0) -> 60 | AY23: =IFERROR(IF(AW23="",0,$D23*AU23),0) -> 0 | AZ23: =AX23+AY23 -> 60 | BA23: =(G23-AN23)+AZ23 -> 66 | BN23: 24
A24: =AO24 -> 31 | C24: Anti Toxo Avidity IgG | D24: 30 | E24: 2 | F24: 1 | G24: 35 | H24: {=IFERROR(INDEX(PQ_Juli!$B$2:$AF$1048,MATCH($C24,PQ_Juli!$A$2:$A$1048,0),MATCH(H$3&"",PQ_Juli!$B$1:$AF$1&"",0)),0)} -> 1 | I24: {=IFERROR(INDEX(PQ_Juli!$B$2:$AF$1048,MATCH($C24,PQ_Juli!$A$2:$A$1048,0),MATCH(I$3&"",PQ_Juli!$B$1:$AF$1&"",0)),0)} -> 0 | J24: {=IFERROR(INDEX(PQ_Juli!$B$2:$AF$1048,MATCH($C24,PQ_Juli!$A$2:$A$1048,0),MATCH(J$3&"",PQ_Juli!$B$1:$AF$1&"",0)),0)} -> 0 | K24: {=IFERROR(INDEX(PQ_Juli!$B$2:$AF$1048,MATCH($C24,PQ_Juli!$A$2:$A$1048,0),MATCH(K$3&"",PQ_Juli!$B$1:$AF$1&"",0)),0)} -> 0 | M24: {=IFERROR(INDEX(PQ_Juli!$B$2:$AF$1048,MATCH($C24,PQ_Juli!$A$2:$A$1048,0),MATCH(M$3&"",PQ_Juli!$B$1:$AF$1&"",0)),0)} -> 0 | N24: {=IFERROR(INDEX(PQ_Juli!$B$2:$AF$1048,MATCH($C24,PQ_Juli!$A$2:$A$1048,0),MATCH(N$3&"",PQ_Juli!$B$1:$AF$1&"",0)),0)} -> 0 | O24: {=IFERROR(INDEX(PQ_Juli!$B$2:$AF$1048,MATCH($C24,PQ_Juli!$A$2:$A$1048,0),MATCH(O$3&"",PQ_Juli!$B$1:$AF$1&"",0)),0)} -> 0 | P24: {=IFERROR(INDEX(PQ_Juli!$B$2:$AF$1048,MATCH($C24,PQ_Juli!$A$2:$A$1048,0),MATCH(P$3&"",PQ_Juli!$B$1:$AF$1&"",0)),0)} -> 0 | Q24: {=IFERROR(INDEX(PQ_Juli!$B$2:$AF$1048,MATCH($C24,PQ_Juli!$A$2:$A$1048,0),MATCH(Q$3&"",PQ_Juli!$B$1:$AF$1&"",0)),0)} -> 0 | R24: {=IFERROR(INDEX(PQ_Juli!$B$2:$AF$1048,MATCH($C24,PQ_Juli!$A$2:$A$1048,0),MATCH(R$3&"",PQ_Juli!$B$1:$AF$1&"",0)),0)} -> 0 | T24: {=IFERROR(INDEX(PQ_Juli!$B$2:$AF$1048,MATCH($C24,PQ_Juli!$A$2:$A$1048,0),MATCH(T$3&"",PQ_Juli!$B$1:$AF$1&"",0)),0)} -> 0 | U24: {=IFERROR(INDEX(PQ_Juli!$B$2:$AF$1048,MATCH($C24,PQ_Juli!$A$2:$A$1048,0),MATCH(U$3&"",PQ_Juli!$B$1:$AF$1&"",0)),0)} -> 0 | V24: {=IFERROR(INDEX(PQ_Juli!$B$2:$AF$1048,MATCH($C24,PQ_Juli!$A$2:$A$1048,0),MATCH(V$3&"",PQ_Juli!$B$1:$AF$1&"",0)),0)} -> 0 | W24: {=IFERROR(INDEX(PQ_Juli!$B$2:$AF$1048,MATCH($C24,PQ_Juli!$A$2:$A$1048,0),MATCH(W$3&"",PQ_Juli!$B$1:$AF$1&"",0)),0)} -> 0 | X24: {=IFERROR(INDEX(PQ_Juli!$B$2:$AF$1048,MATCH($C24,PQ_Juli!$A$2:$A$1048,0),MATCH(X$3&"",PQ_Juli!$B$1:$AF$1&"",0)),0)} -> 0 | Y24: {=IFERROR(INDEX(PQ_Juli!$B$2:$AF$1048,MATCH($C24,PQ_Juli!$A$2:$A$1048,0),MATCH(Y$3&"",PQ_Juli!$B$1:$AF$1&"",0)),0)} -> 0 | AA24: {=IFERROR(INDEX(PQ_Juli!$B$2:$AF$1048,MATCH($C24,PQ_Juli!$A$2:$A$1048,0),MATCH(AA$3&"",PQ_Juli!$B$1:$AF$1&"",0)),0)} -> 0 | AB24: {=IFERROR(INDEX(PQ_Juli!$B$2:$AF$1048,MATCH($C24,PQ_Juli!$A$2:$A$1048,0),MATCH(AB$3&"",PQ_Juli!$B$1:$AF$1&"",0)),0)} -> 0 | AC24: {=IFERROR(INDEX(PQ_Juli!$B$2:$AF$1048,MATCH($C24,PQ_Juli!$A$2:$A$1048,0),MATCH(AC$3&"",PQ_Juli!$B$1:$AF$1&"",0)),0)} -> 0 | AD24: {=IFERROR(INDEX(PQ_Juli!$B$2:$AF$1048,MATCH($C24,PQ_Juli!$A$2:$A$1048,0),MATCH(AD$3&"",PQ_Juli!$B$1:$AF$1&"",0)),0)} -> 1 | AE24: {=IFERROR(INDEX(PQ_Juli!$B$2:$AF$1048,MATCH($C24,PQ_Juli!$A$2:$A$1048,0),MATCH(AE$3&"",PQ_Juli!$B$1:$AF$1&"",0)),0)} -> 0 | AF24: {=IFERROR(INDEX(PQ_Juli!$B$2:$AF$1048,MATCH($C24,PQ_Juli!$A$2:$A$1048,0),MATCH(AF$3&"",PQ_Juli!$B$1:$AF$1&"",0)),0)} -> 0 | AH24: {=IFERROR(INDEX(PQ_Juli!$B$2:$AF$1048,MATCH($C24,PQ_Juli!$A$2:$A$1048,0),MATCH(AH$3&"",PQ_Juli!$B$1:$AF$1&"",0)),0)} -> 0 | AI24: {=IFERROR(INDEX(PQ_Juli!$B$2:$AF$1048,MATCH($C24,PQ_Juli!$A$2:$A$1048,0),MATCH(AI$3&"",PQ_Juli!$B$1:$AF$1&"",0)),0)} -> 0 | AJ24: {=IFERROR(INDEX(PQ_Juli!$B$2:$AF$1048,MATCH($C24,PQ_Juli!$A$2:$A$1048,0),MATCH(AJ$3&"",PQ_Juli!$B$1:$AF$1&"",0)),0)} -> 0 | AK24: {=IFERROR(INDEX(PQ_Juli!$B$2:$AF$1048,MATCH($C24,PQ_Juli!$A$2:$A$1048,0),MATCH(AK$3&"",PQ_Juli!$B$1:$AF$1&"",0)),0)} -> 0 | AL24: {=IFERROR(INDEX(PQ_Juli!$B$2:$AF$1048,MATCH($C24,PQ_Juli!$A$2:$A$1048,0),MATCH(AL$3&"",PQ_Juli!$B$1:$AF$1&"",0)),0)} -> 0 | AM24: 2 | AN24: =SUM(H24:AL24)+AM24 -> 4 | AO24: =(G24-AN24)+AZ24 -> 31 | AP24: 10 | AQ24: Pcs | AX24: =IFERROR(IF(AV24="",0,$D24*AS24),0) -> 0 | AY24: =IFERROR(IF(AW24="",0,$D24*AU24),0) -> 0 | AZ24: =AX24+AY24 -> 0 | BA24: =(G24-AN24)+AZ24 -> 31 | BN24: 31
A25: =AO25 -> #REF! | C25: Anti-HBS | D25: 60 | E25: 60 | F25: 12 | G25: =#REF! -> #REF! | H25: {=IFERROR(INDEX(PQ_Juli!$B$2:$AF$1048,MATCH($C25,PQ_Juli!$A$2:$A$1048,0),MATCH(H$3&"",PQ_Juli!$B$1:$AF$1&"",0)),0)} -> 0 | I25: {=IFERROR(INDEX(PQ_Juli!$B$2:$AF$1048,MATCH($C25,PQ_Juli!$A$2:$A$1048,0),MATCH(I$3&"",PQ_Juli!$B$1:$AF$1&"",0)),0)} -> 1 | J25: {=IFERROR(INDEX(PQ_Juli!$B$2:$AF$1048,MATCH($C25,PQ_Juli!$A$2:$A$1048,0),MATCH(J$3&"",PQ_Juli!$B$1:$AF$1&"",0)),0)} -> 0 | K25: {=IFERROR(INDEX(PQ_Juli!$B$2:$AF$1048,MATCH($C25,PQ_Juli!$A$2:$A$1048,0),MATCH(K$3&"",PQ_Juli!$B$1:$AF$1&"",0)),0)} -> 0 | M25: {=IFERROR(INDEX(PQ_Juli!$B$2:$AF$1048,MATCH($C25,PQ_Juli!$A$2:$A$1048,0),MATCH(M$3&"",PQ_Juli!$B$1:$AF$1&"",0)),0)} -> 0 | N25: {=IFERROR(INDEX(PQ_Juli!$B$2:$AF$1048,MATCH($C25,PQ_Juli!$A$2:$A$1048,0),MATCH(N$3&"",PQ_Juli!$B$1:$AF$1&"",0)),0)} -> 0 | O25: {=IFERROR(INDEX(PQ_Juli!$B$2:$AF$1048,MATCH($C25,PQ_Juli!$A$2:$A$1048,0),MATCH(O$3&"",PQ_Juli!$B$1:$AF$1&"",0)),0)} -> 0 | P25: {=IFERROR(INDEX(PQ_Juli!$B$2:$AF$1048,MATCH($C25,PQ_Juli!$A$2:$A$1048,0),MATCH(P$3&"",PQ_Juli!$B$1:$AF$1&"",0)),0)} -> 0 | Q25: {=IFERROR(INDEX(PQ_Juli!$B$2:$AF$1048,MATCH($C25,PQ_Juli!$A$2:$A$1048,0),MATCH(Q$3&"",PQ_Juli!$B$1:$AF$1&"",0)),0)} -> 0 | R25: {=IFERROR(INDEX(PQ_Juli!$B$2:$AF$1048,MATCH($C25,PQ_Juli!$A$2:$A$1048,0),MATCH(R$3&"",PQ_Juli!$B$1:$AF$1&"",0)),0)} -> 1 | T25: {=IFERROR(INDEX(PQ_Juli!$B$2:$AF$1048,MATCH($C25,PQ_Juli!$A$2:$A$1048,0),MATCH(T$3&"",PQ_Juli!$B$1:$AF$1&"",0)),0)} -> 1 | U25: {=IFERROR(INDEX(PQ_Juli!$B$2:$AF$1048,MATCH($C25,PQ_Juli!$A$2:$A$1048,0),MATCH(U$3&"",PQ_Juli!$B$1:$AF$1&"",0)),0)} -> 0 | V25: {=IFERROR(INDEX(PQ_Juli!$B$2:$AF$1048,MATCH($C25,PQ_Juli!$A$2:$A$1048,0),MATCH(V$3&"",PQ_Juli!$B$1:$AF$1&"",0)),0)} -> 0 | W25: {=IFERROR(INDEX(PQ_Juli!$B$2:$AF$1048,MATCH($C25,PQ_Juli!$A$2:$A$1048,0),MATCH(W$3&"",PQ_Juli!$B$1:$AF$1&"",0)),0)} -> 0 | X25: {=IFERROR(INDEX(PQ_Juli!$B$2:$AF$1048,MATCH($C25,PQ_Juli!$A$2:$A$1048,0),MATCH(X$3&"",PQ_Juli!$B$1:$AF$1&"",0)),0)} -> 1 | Y25: {=IFERROR(INDEX(PQ_Juli!$B$2:$AF$1048,MATCH($C25,PQ_Juli!$A$2:$A$1048,0),MATCH(Y$3&"",PQ_Juli!$B$1:$AF$1&"",0)),0)} -> 0 | AA25: {=IFERROR(INDEX(PQ_Juli!$B$2:$AF$1048,MATCH($C25,PQ_Juli!$A$2:$A$1048,0),MATCH(AA$3&"",PQ_Juli!$B$1:$AF$1&"",0)),0)} -> 1 | AB25: {=IFERROR(INDEX(PQ_Juli!$B$2:$AF$1048,MATCH($C25,PQ_Juli!$A$2:$A$1048,0),MATCH(AB$3&"",PQ_Juli!$B$1:$AF$1&"",0)),0)} -> 1 | AC25: {=IFERROR(INDEX(PQ_Juli!$B$2:$AF$1048,MATCH($C25,PQ_Juli!$A$2:$A$1048,0),MATCH(AC$3&"",PQ_Juli!$B$1:$AF$1&"",0)),0)} -> 0 | AD25: {=IFERROR(INDEX(PQ_Juli!$B$2:$AF$1048,MATCH($C25,PQ_Juli!$A$2:$A$1048,0),MATCH(AD$3&"",PQ_Juli!$B$1:$AF$1&"",0)),0)} -> 0 | AE25: {=IFERROR(INDEX(PQ_Juli!$B$2:$AF$1048,MATCH($C25,PQ_Juli!$A$2:$A$1048,0),MATCH(AE$3&"",PQ_Juli!$B$1:$AF$1&"",0)),0)} -> 1 | AF25: {=IFERROR(INDEX(PQ_Juli!$B$2:$AF$1048,MATCH($C25,PQ_Juli!$A$2:$A$1048,0),MATCH(AF$3&"",PQ_Juli!$B$1:$AF$1&"",0)),0)} -> 2 | AH25: {=IFERROR(INDEX(PQ_Juli!$B$2:$AF$1048,MATCH($C25,PQ_Juli!$A$2:$A$1048,0),MATCH(AH$3&"",PQ_Juli!$B$1:$AF$1&"",0)),0)} -> 1 | AI25: {=IFERROR(INDEX(PQ_Juli!$B$2:$AF$1048,MATCH($C25,PQ_Juli!$A$2:$A$1048,0),MATCH(AI$3&"",PQ_Juli!$B$1:$AF$1&"",0)),0)} -> 0 | AJ25: {=IFERROR(INDEX(PQ_Juli!$B$2:$AF$1048,MATCH($C25,PQ_Juli!$A$2:$A$1048,0),MATCH(AJ$3&"",PQ_Juli!$B$1:$AF$1&"",0)),0)} -> 0 | AK25: {=IFERROR(INDEX(PQ_Juli!$B$2:$AF$1048,MATCH($C25,PQ_Juli!$A$2:$A$1048,0),MATCH(AK$3&"",PQ_Juli!$B$1:$AF$1&"",0)),0)} -> 0 | AL25: {=IFERROR(INDEX(PQ_Juli!$B$2:$AF$1048,MATCH($C25,PQ_Juli!$A$2:$A$1048,0),MATCH(AL$3&"",PQ_Juli!$B$1:$AF$1&"",0)),0)} -> 2 | AM25: 4 | AN25: =SUM(H25:AL25)+AM25 -> 16 | AO25: =(G25-AN25)+AZ25 -> #REF! | AP25: 20 | AQ25: Pcs | AX25: =IFERROR(IF(AV25="",0,$D25*AS25),0) -> 0 | AY25: =IFERROR(IF(AW25="",0,$D25*AU25),0) -> 0 | AZ25: =AX25+AY25 -> 0 | BA25: =(G25-AN25)+AZ25 -> #REF! | BN25: 9
A26: =AO26 -> #REF! | C26: HBsAg | D26: 60 | E26: 23 | F26: 31 | G26: =#REF! -> #REF! | H26: {=IFERROR(INDEX(PQ_Juli!$B$2:$AF$1048,MATCH($C26,PQ_Juli!$A$2:$A$1048,0),MATCH(H$3&"",PQ_Juli!$B$1:$AF$1&"",0)),0)} -> 0 | I26: {=IFERROR(INDEX(PQ_Juli!$B$2:$AF$1048,MATCH($C26,PQ_Juli!$A$2:$A$1048,0),MATCH(I$3&"",PQ_Juli!$B$1:$AF$1&"",0)),0)} -> 0 | J26: {=IFERROR(INDEX(PQ_Juli!$B$2:$AF$1048,MATCH($C26,PQ_Juli!$A$2:$A$1048,0),MATCH(J$3&"",PQ_Juli!$B$1:$AF$1&"",0)),0)} -> 1 | K26: {=IFERROR(INDEX(PQ_Juli!$B$2:$AF$1048,MATCH($C26,PQ_Juli!$A$2:$A$1048,0),MATCH(K$3&"",PQ_Juli!$B$1:$AF$1&"",0)),0)} -> 4 | M26: {=IFERROR(INDEX(PQ_Juli!$B$2:$AF$1048,MATCH($C26,PQ_Juli!$A$2:$A$1048,0),MATCH(M$3&"",PQ_Juli!$B$1:$AF$1&"",0)),0)} -> 1 | N26: {=IFERROR(INDEX(PQ_Juli!$B$2:$AF$1048,MATCH($C26,PQ_Juli!$A$2:$A$1048,0),MATCH(N$3&"",PQ_Juli!$B$1:$AF$1&"",0)),0)} -> 0 | O26: {=IFERROR(INDEX(PQ_Juli!$B$2:$AF$1048,MATCH($C26,PQ_Juli!$A$2:$A$1048,0),MATCH(O$3&"",PQ_Juli!$B$1:$AF$1&"",0)),0)} -> 0 | P26: {=IFERROR(INDEX(PQ_Juli!$B$2:$AF$1048,MATCH($C26,PQ_Juli!$A$2:$A$1048,0),MATCH(P$3&"",PQ_Juli!$B$1:$AF$1&"",0)),0)} -> 1 | Q26: {=IFERROR(INDEX(PQ_Juli!$B$2:$AF$1048,MATCH($C26,PQ_Juli!$A$2:$A$1048,0),MATCH(Q$3&"",PQ_Juli!$B$1:$AF$1&"",0)),0)} -> 2 | R26: {=IFERROR(INDEX(PQ_Juli!$B$2:$AF$1048,MATCH($C26,PQ_Juli!$A$2:$A$1048,0),MATCH(R$3&"",PQ_Juli!$B$1:$AF$1&"",0)),0)} -> 1 | T26: {=IFERROR(INDEX(PQ_Juli!$B$2:$AF$1048,MATCH($C26,PQ_Juli!$A$2:$A$1048,0),MATCH(T$3&"",PQ_Juli!$B$1:$AF$1&"",0)),0)} -> 3 | U26: {=IFERROR(INDEX(PQ_Juli!$B$2:$AF$1048,MATCH($C26,PQ_Juli!$A$2:$A$1048,0),MATCH(U$3&"",PQ_Juli!$B$1:$AF$1&"",0)),0)} -> 1 | V26: {=IFERROR(INDEX(PQ_Juli!$B$2:$AF$1048,MATCH($C26,PQ_Juli!$A$2:$A$1048,0),MATCH(V$3&"",PQ_Juli!$B$1:$AF$1&"",0)),0)} -> 0 | W26: {=IFERROR(INDEX(PQ_Juli!$B$2:$AF$1048,MATCH($C26,PQ_Juli!$A$2:$A$1048,0),MATCH(W$3&"",PQ_Juli!$B$1:$AF$1&"",0)),0)} -> 1 | X26: {=IFERROR(INDEX(PQ_Juli!$B$2:$AF$1048,MATCH($C26,PQ_Juli!$A$2:$A$1048,0),MATCH(X$3&"",PQ_Juli!$B$1:$AF$1&"",0)),0)} -> 1 | Y26: {=IFERROR(INDEX(PQ_Juli!$B$2:$AF$1048,MATCH($C26,PQ_Juli!$A$2:$A$1048,0),MATCH(Y$3&"",PQ_Juli!$B$1:$AF$1&"",0)),0)} -> 1 | AA26: {=IFERROR(INDEX(PQ_Juli!$B$2:$AF$1048,MATCH($C26,PQ_Juli!$A$2:$A$1048,0),MATCH(AA$3&"",PQ_Juli!$B$1:$AF$1&"",0)),0)} -> 1 | AB26: {=IFERROR(INDEX(PQ_Juli!$B$2:$AF$1048,MATCH($C26,PQ_Juli!$A$2:$A$1048,0),MATCH(AB$3&"",PQ_Juli!$B$1:$AF$1&"",0)),0)} -> 0 | AC26: {=IFERROR(INDEX(PQ_Juli!$B$2:$AF$1048,MATCH($C26,PQ_Juli!$A$2:$A$1048,0),MATCH(AC$3&"",PQ_Juli!$B$1:$AF$1&"",0)),0)} -> 0 | AD26: {=IFERROR(INDEX(PQ_Juli!$B$2:$AF$1048,MATCH($C26,PQ_Juli!$A$2:$A$1048,0),MATCH(AD$3&"",PQ_Juli!$B$1:$AF$1&"",0)),0)} -> 0 | AE26: {=IFERROR(INDEX(PQ_Juli!$B$2:$AF$1048,MATCH($C26,PQ_Juli!$A$2:$A$1048,0),MATCH(AE$3&"",PQ_Juli!$B$1:$AF$1&"",0)),0)} -> 1 | AF26: {=IFERROR(INDEX(PQ_Juli!$B$2:$AF$1048,MATCH($C26,PQ_Juli!$A$2:$A$1048,0),MATCH(AF$3&"",PQ_Juli!$B$1:$AF$1&"",0)),0)} -> 0 | AH26: {=IFERROR(INDEX(PQ_Juli!$B$2:$AF$1048,MATCH($C26,PQ_Juli!$A$2:$A$1048,0),MATCH(AH$3&"",PQ_Juli!$B$1:$AF$1&"",0)),0)} -> 2 | AI26: {=IFERROR(INDEX(PQ_Juli!$B$2:$AF$1048,MATCH($C26,PQ_Juli!$A$2:$A$1048,0),MATCH(AI$3&"",PQ_Juli!$B$1:$AF$1&"",0)),0)} -> 0 | AJ26: {=IFERROR(INDEX(PQ_Juli!$B$2:$AF$1048,MATCH($C26,PQ_Juli!$A$2:$A$1048,0),MATCH(AJ$3&"",PQ_Juli!$B$1:$AF$1&"",0)),0)} -> 0 | AK26: {=IFERROR(INDEX(PQ_Juli!$B$2:$AF$1048,MATCH($C26,PQ_Juli!$A$2:$A$1048,0),MATCH(AK$3&"",PQ_Juli!$B$1:$AF$1&"",0)),0)} -> 0 | AL26: {=IFERROR(INDEX(PQ_Juli!$B$2:$AF$1048,MATCH($C26,PQ_Juli!$A$2:$A$1048,0),MATCH(AL$3&"",PQ_Juli!$B$1:$AF$1&"",0)),0)} -> 1 | AM26: 8 | AN26: =SUM(H26:AL26)+AM26 -> 30 | AO26: =(G26-AN26)+AZ26 -> #REF! | AP26: 20 | AQ26: Pcs | AR26: 46210 | AS26: 1 | AV26: 46213 | AX26: =IFERROR(IF(AV26="",0,$D26*AS26),0) -> 60 | AY26: =IFERROR(IF(AW26="",0,$D26*AU26),0) -> 0 | AZ26: =AX26+AY26 -> 60 | BA26: =(G26-AN26)+AZ26 -> #REF! | BN26: 52
A27: =AO27 -> 36 | C27: Toxo IgG | D27: 60 | E27: 12 | F27: 17 | G27: 71 | H27: {=IFERROR(INDEX(PQ_Juli!$B$2:$AF$1048,MATCH($C27,PQ_Juli!$A$2:$A$1048,0),MATCH(H$3&"",PQ_Juli!$B$1:$AF$1&"",0)),0)} -> 1 | I27: {=IFERROR(INDEX(PQ_Juli!$B$2:$AF$1048,MATCH($C27,PQ_Juli!$A$2:$A$1048,0),MATCH(I$3&"",PQ_Juli!$B$1:$AF$1&"",0)),0)} -> 0 | J27: {=IFERROR(INDEX(PQ_Juli!$B$2:$AF$1048,MATCH($C27,PQ_Juli!$A$2:$A$1048,0),MATCH(J$3&"",PQ_Juli!$B$1:$AF$1&"",0)),0)} -> 0 | K27: {=IFERROR(INDEX(PQ_Juli!$B$2:$AF$1048,MATCH($C27,PQ_Juli!$A$2:$A$1048,0),MATCH(K$3&"",PQ_Juli!$B$1:$AF$1&"",0)),0)} -> 2 | M27: {=IFERROR(INDEX(PQ_Juli!$B$2:$AF$1048,MATCH($C27,PQ_Juli!$A$2:$A$1048,0),MATCH(M$3&"",PQ_Juli!$B$1:$AF$1&"",0)),0)} -> 0 | N27: {=IFERROR(INDEX(PQ_Juli!$B$2:$AF$1048,MATCH($C27,PQ_Juli!$A$2:$A$1048,0),MATCH(N$3&"",PQ_Juli!$B$1:$AF$1&"",0)),0)} -> 2 | O27: {=IFERROR(INDEX(PQ_Juli!$B$2:$AF$1048,MATCH($C27,PQ_Juli!$A$2:$A$1048,0),MATCH(O$3&"",PQ_Juli!$B$1:$AF$1&"",0)),0)} -> 1 | P27: {=IFERROR(INDEX(PQ_Juli!$B$2:$AF$1048,MATCH($C27,PQ_Juli!$A$2:$A$1048,0),MATCH(P$3&"",PQ_Juli!$B$1:$AF$1&"",0)),0)} -> 1 | Q27: {=IFERROR(INDEX(PQ_Juli!$B$2:$AF$1048,MATCH($C27,PQ_Juli!$A$2:$A$1048,0),MATCH(Q$3&"",PQ_Juli!$B$1:$AF$1&"",0)),0)} -> 0 | R27: {=IFERROR(INDEX(PQ_Juli!$B$2:$AF$1048,MATCH($C27,PQ_Juli!$A$2:$A$1048,0),MATCH(R$3&"",PQ_Juli!$B$1:$AF$1&"",0)),0)} -> 2 | T27: {=IFERROR(INDEX(PQ_Juli!$B$2:$AF$1048,MATCH($C27,PQ_Juli!$A$2:$A$1048,0),MATCH(T$3&"",PQ_Juli!$B$1:$AF$1&"",0)),0)} -> 2 | U27: {=IFERROR(INDEX(PQ_Juli!$B$2:$AF$1048,MATCH($C27,PQ_Juli!$A$2:$A$1048,0),MATCH(U$3&"",PQ_Juli!$B$1:$AF$1&"",0)),0)} -> 2 | V27: {=IFERROR(INDEX(PQ_Juli!$B$2:$AF$1048,MATCH($C27,PQ_Juli!$A$2:$A$1048,0),MATCH(V$3&"",PQ_Juli!$B$1:$AF$1&"",0)),0)} -> 0 | W27: {=IFERROR(INDEX(PQ_Juli!$B$2:$AF$1048,MATCH($C27,PQ_Juli!$A$2:$A$1048,0),MATCH(W$3&"",PQ_Juli!$B$1:$AF$1&"",0)),0)} -> 0 | X27: {=IFERROR(INDEX(PQ_Juli!$B$2:$AF$1048,MATCH($C27,PQ_Juli!$A$2:$A$1048,0),MATCH(X$3&"",PQ_Juli!$B$1:$AF$1&"",0)),0)} -> 0 | Y27: {=IFERROR(INDEX(PQ_Juli!$B$2:$AF$1048,MATCH($C27,PQ_Juli!$A$2:$A$1048,0),MATCH(Y$3&"",PQ_Juli!$B$1:$AF$1&"",0)),0)} -> 4 | AA27: {=IFERROR(INDEX(PQ_Juli!$B$2:$AF$1048,MATCH($C27,PQ_Juli!$A$2:$A$1048,0),MATCH(AA$3&"",PQ_Juli!$B$1:$AF$1&"",0)),0)} -> 3 | AB27: {=IFERROR(INDEX(PQ_Juli!$B$2:$AF$1048,MATCH($C27,PQ_Juli!$A$2:$A$1048,0),MATCH(AB$3&"",PQ_Juli!$B$1:$AF$1&"",0)),0)} -> 0 | AC27: {=IFERROR(INDEX(PQ_Juli!$B$2:$AF$1048,MATCH($C27,PQ_Juli!$A$2:$A$1048,0),MATCH(AC$3&"",PQ_Juli!$B$1:$AF$1&"",0)),0)} -> 0 | AD27: {=IFERROR(INDEX(PQ_Juli!$B$2:$AF$1048,MATCH($C27,PQ_Juli!$A$2:$A$1048,0),MATCH(AD$3&"",PQ_Juli!$B$1:$AF$1&"",0)),0)} -> 4 | AE27: {=IFERROR(INDEX(PQ_Juli!$B$2:$AF$1048,MATCH($C27,PQ_Juli!$A$2:$A$1048,0),MATCH(AE$3&"",PQ_Juli!$B$1:$AF$1&"",0)),0)} -> 3 | AF27: {=IFERROR(INDEX(PQ_Juli!$B$2:$AF$1048,MATCH($C27,PQ_Juli!$A$2:$A$1048,0),MATCH(AF$3&"",PQ_Juli!$B$1:$AF$1&"",0)),0)} -> 0 | AH27: {=IFERROR(INDEX(PQ_Juli!$B$2:$AF$1048,MATCH($C27,PQ_Juli!$A$2:$A$1048,0),MATCH(AH$3&"",PQ_Juli!$B$1:$AF$1&"",0)),0)} -> 2 | AI27: {=IFERROR(INDEX(PQ_Juli!$B$2:$AF$1048,MATCH($C27,PQ_Juli!$A$2:$A$1048,0),MATCH(AI$3&"",PQ_Juli!$B$1:$AF$1&"",0)),0)} -> 1 | AJ27: {=IFERROR(INDEX(PQ_Juli!$B$2:$AF$1048,MATCH($C27,PQ_Juli!$A$2:$A$1048,0),MATCH(AJ$3&"",PQ_Juli!$B$1:$AF$1&"",0)),0)} -> 0 | AK27: {=IFERROR(INDEX(PQ_Juli!$B$2:$AF$1048,MATCH($C27,PQ_Juli!$A$2:$A$1048,0),MATCH(AK$3&"",PQ_Juli!$B$1:$AF$1&"",0)),0)} -> 0 | AL27: {=IFERROR(INDEX(PQ_Juli!$B$2:$AF$1048,MATCH($C27,PQ_Juli!$A$2:$A$1048,0),MATCH(AL$3&"",PQ_Juli!$B$1:$AF$1&"",0)),0)} -> 1 | AM27: 4 | AN27: =SUM(H27:AL27)+AM27 -> 35 | AO27: =(G27-AN27)+AZ27 -> 36 | AP27: 30 | AQ27: Pcs | AX27: =IFERROR(IF(AV27="",0,$D27*AS27),0) -> 0 | AY27: =IFERROR(IF(AW27="",0,$D27*AU27),0) -> 0 | AZ27: =AX27+AY27 -> 0 | BA27: =(G27-AN27)+AZ27 -> 36 | BN27: 24
A28: =AO28 -> 65 | C28: Toxo IgM | D28: 60 | E28: 15 | F28: 20 | G28: 36 | H28: {=IFERROR(INDEX(PQ_Juli!$B$2:$AF$1048,MATCH($C28,PQ_Juli!$A$2:$A$1048,0),MATCH(H$3&"",PQ_Juli!$B$1:$AF$1&"",0)),0)} -> 0 | I28: {=IFERROR(INDEX(PQ_Juli!$B$2:$AF$1048,MATCH($C28,PQ_Juli!$A$2:$A$1048,0),MATCH(I$3&"",PQ_Juli!$B$1:$AF$1&"",0)),0)} -> 0 | J28: {=IFERROR(INDEX(PQ_Juli!$B$2:$AF$1048,MATCH($C28,PQ_Juli!$A$2:$A$1048,0),MATCH(J$3&"",PQ_Juli!$B$1:$AF$1&"",0)),0)} -> 1 | K28: {=IFERROR(INDEX(PQ_Juli!$B$2:$AF$1048,MATCH($C28,PQ_Juli!$A$2:$A$1048,0),MATCH(K$3&"",PQ_Juli!$B$1:$AF$1&"",0)),0)} -> 1 | M28: {=IFERROR(INDEX(PQ_Juli!$B$2:$AF$1048,MATCH($C28,PQ_Juli!$A$2:$A$1048,0),MATCH(M$3&"",PQ_Juli!$B$1:$AF$1&"",0)),0)} -> 0 | N28: {=IFERROR(INDEX(PQ_Juli!$B$2:$AF$1048,MATCH($C28,PQ_Juli!$A$2:$A$1048,0),MATCH(N$3&"",PQ_Juli!$B$1:$AF$1&"",0)),0)} -> 2 | O28: {=IFERROR(INDEX(PQ_Juli!$B$2:$AF$1048,MATCH($C28,PQ_Juli!$A$2:$A$1048,0),MATCH(O$3&"",PQ_Juli!$B$1:$AF$1&"",0)),0)} -> 2 | P28: {=IFERROR(INDEX(PQ_Juli!$B$2:$AF$1048,MATCH($C28,PQ_Juli!$A$2:$A$1048,0),MATCH(P$3&"",PQ_Juli!$B$1:$AF$1&"",0)),0)} -> 2 | Q28: {=IFERROR(INDEX(PQ_Juli!$B$2:$AF$1048,MATCH($C28,PQ_Juli!$A$2:$A$1048,0),MATCH(Q$3&"",PQ_Juli!$B$1:$AF$1&"",0)),0)} -> 0 | R28: {=IFERROR(INDEX(PQ_Juli!$B$2:$AF$1048,MATCH($C28,PQ_Juli!$A$2:$A$1048,0),MATCH(R$3&"",PQ_Juli!$B$1:$AF$1&"",0)),0)} -> 2 | T28: {=IFERROR(INDEX(PQ_Juli!$B$2:$AF$1048,MATCH($C28,PQ_Juli!$A$2:$A$1048,0),MATCH(T$3&"",PQ_Juli!$B$1:$AF$1&"",0)),0)} -> 2 | U28: {=IFERROR(INDEX(PQ_Juli!$B$2:$AF$1048,MATCH($C28,PQ_Juli!$A$2:$A$1048,0),MATCH(U$3&"",PQ_Juli!$B$1:$AF$1&"",0)),0)} -> 2 | V28: {=IFERROR(INDEX(PQ_Juli!$B$2:$AF$1048,MATCH($C28,PQ_Juli!$A$2:$A$1048,0),MATCH(V$3&"",PQ_Juli!$B$1:$AF$1&"",0)),0)} -> 0 | W28: {=IFERROR(INDEX(PQ_Juli!$B$2:$AF$1048,MATCH($C28,PQ_Juli!$A$2:$A$1048,0),MATCH(W$3&"",PQ_Juli!$B$1:$AF$1&"",0)),0)} -> 0 | X28: {=IFERROR(INDEX(PQ_Juli!$B$2:$AF$1048,MATCH($C28,PQ_Juli!$A$2:$A$1048,0),MATCH(X$3&"",PQ_Juli!$B$1:$AF$1&"",0)),0)} -> 0 | Y28: {=IFERROR(INDEX(PQ_Juli!$B$2:$AF$1048,MATCH($C28,PQ_Juli!$A$2:$A$1048,0),MATCH(Y$3&"",PQ_Juli!$B$1:$AF$1&"",0)),0)} -> 2 | AA28: {=IFERROR(INDEX(PQ_Juli!$B$2:$AF$1048,MATCH($C28,PQ_Juli!$A$2:$A$1048,0),MATCH(AA$3&"",PQ_Juli!$B$1:$AF$1&"",0)),0)} -> 3 | AB28: {=IFERROR(INDEX(PQ_Juli!$B$2:$AF$1048,MATCH($C28,PQ_Juli!$A$2:$A$1048,0),MATCH(AB$3&"",PQ_Juli!$B$1:$AF$1&"",0)),0)} -> 0 | AC28: {=IFERROR(INDEX(PQ_Juli!$B$2:$AF$1048,MATCH($C28,PQ_Juli!$A$2:$A$1048,0),MATCH(AC$3&"",PQ_Juli!$B$1:$AF$1&"",0)),0)} -> 0 | AD28: {=IFERROR(INDEX(PQ_Juli!$B$2:$AF$1048,MATCH($C28,PQ_Juli!$A$2:$A$1048,0),MATCH(AD$3&"",PQ_Juli!$B$1:$AF$1&"",0)),0)} -> 1 | AE28: {=IFERROR(INDEX(PQ_Juli!$B$2:$AF$1048,MATCH($C28,PQ_Juli!$A$2:$A$1048,0),MATCH(AE$3&"",PQ_Juli!$B$1:$AF$1&"",0)),0)} -> 2 | AF28: {=IFERROR(INDEX(PQ_Juli!$B$2:$AF$1048,MATCH($C28,PQ_Juli!$A$2:$A$1048,0),MATCH(AF$3&"",PQ_Juli!$B$1:$AF$1&"",0)),0)} -> 1 | AH28: {=IFERROR(INDEX(PQ_Juli!$B$2:$AF$1048,MATCH($C28,PQ_Juli!$A$2:$A$1048,0),MATCH(AH$3&"",PQ_Juli!$B$1:$AF$1&"",0)),0)} -> 3 | AI28: {=IFERROR(INDEX(PQ_Juli!$B$2:$AF$1048,MATCH($C28,PQ_Juli!$A$2:$A$1048,0),MATCH(AI$3&"",PQ_Juli!$B$1:$AF$1&"",0)),0)} -> 1 | AJ28: {=IFERROR(INDEX(PQ_Juli!$B$2:$AF$1048,MATCH($C28,PQ_Juli!$A$2:$A$1048,0),MATCH(AJ$3&"",PQ_Juli!$B$1:$AF$1&"",0)),0)} -> 0 | AK28: {=IFERROR(INDEX(PQ_Juli!$B$2:$AF$1048,MATCH($C28,PQ_Juli!$A$2:$A$1048,0),MATCH(AK$3&"",PQ_Juli!$B$1:$AF$1&"",0)),0)} -> 0 | AL28: {=IFERROR(INDEX(PQ_Juli!$B$2:$AF$1048,MATCH($C28,PQ_Juli!$A$2:$A$1048,0),MATCH(AL$3&"",PQ_Juli!$B$1:$AF$1&"",0)),0)} -> 1 | AM28: 3 | AN28: =SUM(H28:AL28)+AM28 -> 31 | AO28: =(G28-AN28)+AZ28 -> 65 | AP28: 30 | AQ28: Pcs | AR28: 46210 | AS28: 1 | AV28: 46213 | AX28: =IFERROR(IF(AV28="",0,$D28*AS28),0) -> 60 | AY28: =IFERROR(IF(AW28="",0,$D28*AU28),0) -> 0 | AZ28: =AX28+AY28 -> 60 | BA28: =(G28-AN28)+AZ28 -> 65 | BN28: 43
A29: =AO29 -> #REF! | C29: Rubella IgG | D29: 60 | E29: 8 | F29: 16 | G29: =#REF! -> #REF! | H29: {=IFERROR(INDEX(PQ_Juli!$B$2:$AF$1048,MATCH($C29,PQ_Juli!$A$2:$A$1048,0),MATCH(H$3&"",PQ_Juli!$B$1:$AF$1&"",0)),0)} -> 0 | I29: {=IFERROR(INDEX(PQ_Juli!$B$2:$AF$1048,MATCH($C29,PQ_Juli!$A$2:$A$1048,0),MATCH(I$3&"",PQ_Juli!$B$1:$AF$1&"",0)),0)} -> 1 | J29: {=IFERROR(INDEX(PQ_Juli!$B$2:$AF$1048,MATCH($C29,PQ_Juli!$A$2:$A$1048,0),MATCH(J$3&"",PQ_Juli!$B$1:$AF$1&"",0)),0)} -> 1 | K29: {=IFERROR(INDEX(PQ_Juli!$B$2:$AF$1048,MATCH($C29,PQ_Juli!$A$2:$A$1048,0),MATCH(K$3&"",PQ_Juli!$B$1:$AF$1&"",0)),0)} -> 4 | M29: {=IFERROR(INDEX(PQ_Juli!$B$2:$AF$1048,MATCH($C29,PQ_Juli!$A$2:$A$1048,0),MATCH(M$3&"",PQ_Juli!$B$1:$AF$1&"",0)),0)} -> 1 | N29: {=IFERROR(INDEX(PQ_Juli!$B$2:$AF$1048,MATCH($C29,PQ_Juli!$A$2:$A$1048,0),MATCH(N$3&"",PQ_Juli!$B$1:$AF$1&"",0)),0)} -> 1 | O29: {=IFERROR(INDEX(PQ_Juli!$B$2:$AF$1048,MATCH($C29,PQ_Juli!$A$2:$A$1048,0),MATCH(O$3&"",PQ_Juli!$B$1:$AF$1&"",0)),0)} -> 0 | P29: {=IFERROR(INDEX(PQ_Juli!$B$2:$AF$1048,MATCH($C29,PQ_Juli!$A$2:$A$1048,0),MATCH(P$3&"",PQ_Juli!$B$1:$AF$1&"",0)),0)} -> 1 | Q29: {=IFERROR(INDEX(PQ_Juli!$B$2:$AF$1048,MATCH($C29,PQ_Juli!$A$2:$A$1048,0),MATCH(Q$3&"",PQ_Juli!$B$1:$AF$1&"",0)),0)} -> 3 | R29: {=IFERROR(INDEX(PQ_Juli!$B$2:$AF$1048,MATCH($C29,PQ_Juli!$A$2:$A$1048,0),MATCH(R$3&"",PQ_Juli!$B$1:$AF$1&"",0)),0)} -> 4 | T29: {=IFERROR(INDEX(PQ_Juli!$B$2:$AF$1048,MATCH($C29,PQ_Juli!$A$2:$A$1048,0),MATCH(T$3&"",PQ_Juli!$B$1:$AF$1&"",0)),0)} -> 3 | U29: {=IFERROR(INDEX(PQ_Juli!$B$2:$AF$1048,MATCH($C29,PQ_Juli!$A$2:$A$1048,0),MATCH(U$3&"",PQ_Juli!$B$1:$AF$1&"",0)),0)} -> 2 | V29: {=IFERROR(INDEX(PQ_Juli!$B$2:$AF$1048,MATCH($C29,PQ_Juli!$A$2:$A$1048,0),MATCH(V$3&"",PQ_Juli!$B$1:$AF$1&"",0)),0)} -> 1 | W29: {=IFERROR(INDEX(PQ_Juli!$B$2:$AF$1048,MATCH($C29,PQ_Juli!$A$2:$A$1048,0),MATCH(W$3&"",PQ_Juli!$B$1:$AF$1&"",0)),0)} -> 0 | X29: {=IFERROR(INDEX(PQ_Juli!$B$2:$AF$1048,MATCH($C29,PQ_Juli!$A$2:$A$1048,0),MATCH(X$3&"",PQ_Juli!$B$1:$AF$1&"",0)),0)} -> 3 | Y29: {=IFERROR(INDEX(PQ_Juli!$B$2:$AF$1048,MATCH($C29,PQ_Juli!$A$2:$A$1048,0),MATCH(Y$3&"",PQ_Juli!$B$1:$AF$1&"",0)),0)} -> 4 | AA29: {=IFERROR(INDEX(PQ_Juli!$B$2:$AF$1048,MATCH($C29,PQ_Juli!$A$2:$A$1048,0),MATCH(AA$3&"",PQ_Juli!$B$1:$AF$1&"",0)),0)} -> 6 | AB29: {=IFERROR(INDEX(PQ_Juli!$B$2:$AF$1048,MATCH($C29,PQ_Juli!$A$2:$A$1048,0),MATCH(AB$3&"",PQ_Juli!$B$1:$AF$1&"",0)),0)} -> 1 | AC29: {=IFERROR(INDEX(PQ_Juli!$B$2:$AF$1048,MATCH($C29,PQ_Juli!$A$2:$A$1048,0),MATCH(AC$3&"",PQ_Juli!$B$1:$AF$1&"",0)),0)} -> 1 | AD29: {=IFERROR(INDEX(PQ_Juli!$B$2:$AF$1048,MATCH($C29,PQ_Juli!$A$2:$A$1048,0),MATCH(AD$3&"",PQ_Juli!$B$1:$AF$1&"",0)),0)} -> 2 | AE29: {=IFERROR(INDEX(PQ_Juli!$B$2:$AF$1048,MATCH($C29,PQ_Juli!$A$2:$A$1048,0),MATCH(AE$3&"",PQ_Juli!$B$1:$AF$1&"",0)),0)} -> 3 | AF29: {=IFERROR(INDEX(PQ_Juli!$B$2:$AF$1048,MATCH($C29,PQ_Juli!$A$2:$A$1048,0),MATCH(AF$3&"",PQ_Juli!$B$1:$AF$1&"",0)),0)} -> 2 | AH29: {=IFERROR(INDEX(PQ_Juli!$B$2:$AF$1048,MATCH($C29,PQ_Juli!$A$2:$A$1048,0),MATCH(AH$3&"",PQ_Juli!$B$1:$AF$1&"",0)),0)} -> 6 | AI29: {=IFERROR(INDEX(PQ_Juli!$B$2:$AF$1048,MATCH($C29,PQ_Juli!$A$2:$A$1048,0),MATCH(AI$3&"",PQ_Juli!$B$1:$AF$1&"",0)),0)} -> 0 | AJ29: {=IFERROR(INDEX(PQ_Juli!$B$2:$AF$1048,MATCH($C29,PQ_Juli!$A$2:$A$1048,0),MATCH(AJ$3&"",PQ_Juli!$B$1:$AF$1&"",0)),0)} -> 1 | AK29: {=IFERROR(INDEX(PQ_Juli!$B$2:$AF$1048,MATCH($C29,PQ_Juli!$A$2:$A$1048,0),MATCH(AK$3&"",PQ_Juli!$B$1:$AF$1&"",0)),0)} -> 1 | AL29: {=IFERROR(INDEX(PQ_Juli!$B$2:$AF$1048,MATCH($C29,PQ_Juli!$A$2:$A$1048,0),MATCH(AL$3&"",PQ_Juli!$B$1:$AF$1&"",0)),0)} -> 1 | AM29: 8 | AN29: =SUM(H29:AL29)+AM29 -> 61 | AO29: =(G29-AN29)+AZ29 -> #REF! | AP29: 30 | AQ29: Pcs | AR29: 46216 | AS29: 1 | AV29: 46220 | AX29: =IFERROR(IF(AV29="",0,$D29*AS29),0) -> 60 | AY29: =IFERROR(IF(AW29="",0,$D29*AU29),0) -> 0 | AZ29: =AX29+AY29 -> 60 | BA29: =(G29-AN29)+AZ29 -> #REF! | BN29: 46
A30: =AO30 -> #REF! | C30: Rubella IgM | D30: 30 | E30: 13 | F30: 23 | G30: =#REF! -> #REF! | H30: {=IFERROR(INDEX(PQ_Juli!$B$2:$AF$1048,MATCH($C30,PQ_Juli!$A$2:$A$1048,0),MATCH(H$3&"",PQ_Juli!$B$1:$AF$1&"",0)),0)} -> 0 | I30: {=IFERROR(INDEX(PQ_Juli!$B$2:$AF$1048,MATCH($C30,PQ_Juli!$A$2:$A$1048,0),MATCH(I$3&"",PQ_Juli!$B$1:$AF$1&"",0)),0)} -> 0 | J30: {=IFERROR(INDEX(PQ_Juli!$B$2:$AF$1048,MATCH($C30,PQ_Juli!$A$2:$A$1048,0),MATCH(J$3&"",PQ_Juli!$B$1:$AF$1&"",0)),0)} -> 1 | K30: {=IFERROR(INDEX(PQ_Juli!$B$2:$AF$1048,MATCH($C30,PQ_Juli!$A$2:$A$1048,0),MATCH(K$3&"",PQ_Juli!$B$1:$AF$1&"",0)),0)} -> 0 | M30: {=IFERROR(INDEX(PQ_Juli!$B$2:$AF$1048,MATCH($C30,PQ_Juli!$A$2:$A$1048,0),MATCH(M$3&"",PQ_Juli!$B$1:$AF$1&"",0)),0)} -> 1 | N30: {=IFERROR(INDEX(PQ_Juli!$B$2:$AF$1048,MATCH($C30,PQ_Juli!$A$2:$A$1048,0),MATCH(N$3&"",PQ_Juli!$B$1:$AF$1&"",0)),0)} -> 1 | O30: {=IFERROR(INDEX(PQ_Juli!$B$2:$AF$1048,MATCH($C30,PQ_Juli!$A$2:$A$1048,0),MATCH(O$3&"",PQ_Juli!$B$1:$AF$1&"",0)),0)} -> 0 | P30: {=IFERROR(INDEX(PQ_Juli!$B$2:$AF$1048,MATCH($C30,PQ_Juli!$A$2:$A$1048,0),MATCH(P$3&"",PQ_Juli!$B$1:$AF$1&"",0)),0)} -> 1 | Q30: {=IFERROR(INDEX(PQ_Juli!$B$2:$AF$1048,MATCH($C30,PQ_Juli!$A$2:$A$1048,0),MATCH(Q$3&"",PQ_Juli!$B$1:$AF$1&"",0)),0)} -> 0 | R30: {=IFERROR(INDEX(PQ_Juli!$B$2:$AF$1048,MATCH($C30,PQ_Juli!$A$2:$A$1048,0),MATCH(R$3&"",PQ_Juli!$B$1:$AF$1&"",0)),0)} -> 2 | T30: {=IFERROR(INDEX(PQ_Juli!$B$2:$AF$1048,MATCH($C30,PQ_Juli!$A$2:$A$1048,0),MATCH(T$3&"",PQ_Juli!$B$1:$AF$1&"",0)),0)} -> 1 | U30: {=IFERROR(INDEX(PQ_Juli!$B$2:$AF$1048,MATCH($C30,PQ_Juli!$A$2:$A$1048,0),MATCH(U$3&"",PQ_Juli!$B$1:$AF$1&"",0)),0)} -> 1 | V30: {=IFERROR(INDEX(PQ_Juli!$B$2:$AF$1048,MATCH($C30,PQ_Juli!$A$2:$A$1048,0),MATCH(V$3&"",PQ_Juli!$B$1:$AF$1&"",0)),0)} -> 0 | W30: {=IFERROR(INDEX(PQ_Juli!$B$2:$AF$1048,MATCH($C30,PQ_Juli!$A$2:$A$1048,0),MATCH(W$3&"",PQ_Juli!$B$1:$AF$1&"",0)),0)} -> 0 | X30: {=IFERROR(INDEX(PQ_Juli!$B$2:$AF$1048,MATCH($C30,PQ_Juli!$A$2:$A$1048,0),MATCH(X$3&"",PQ_Juli!$B$1:$AF$1&"",0)),0)} -> 0 | Y30: {=IFERROR(INDEX(PQ_Juli!$B$2:$AF$1048,MATCH($C30,PQ_Juli!$A$2:$A$1048,0),MATCH(Y$3&"",PQ_Juli!$B$1:$AF$1&"",0)),0)} -> 2 | AA30: {=IFERROR(INDEX(PQ_Juli!$B$2:$AF$1048,MATCH($C30,PQ_Juli!$A$2:$A$1048,0),MATCH(AA$3&"",PQ_Juli!$B$1:$AF$1&"",0)),0)} -> 1 | AB30: {=IFERROR(INDEX(PQ_Juli!$B$2:$AF$1048,MATCH($C30,PQ_Juli!$A$2:$A$1048,0),MATCH(AB$3&"",PQ_Juli!$B$1:$AF$1&"",0)),0)} -> 0 | AC30: {=IFERROR(INDEX(PQ_Juli!$B$2:$AF$1048,MATCH($C30,PQ_Juli!$A$2:$A$1048,0),MATCH(AC$3&"",PQ_Juli!$B$1:$AF$1&"",0)),0)} -> 0 | AD30: {=IFERROR(INDEX(PQ_Juli!$B$2:$AF$1048,MATCH($C30,PQ_Juli!$A$2:$A$1048,0),MATCH(AD$3&"",PQ_Juli!$B$1:$AF$1&"",0)),0)} -> 1 | AE30: {=IFERROR(INDEX(PQ_Juli!$B$2:$AF$1048,MATCH($C30,PQ_Juli!$A$2:$A$1048,0),MATCH(AE$3&"",PQ_Juli!$B$1:$AF$1&"",0)),0)} -> 2 | AF30: {=IFERROR(INDEX(PQ_Juli!$B$2:$AF$1048,MATCH($C30,PQ_Juli!$A$2:$A$1048,0),MATCH(AF$3&"",PQ_Juli!$B$1:$AF$1&"",0)),0)} -> 1 | AH30: {=IFERROR(INDEX(PQ_Juli!$B$2:$AF$1048,MATCH($C30,PQ_Juli!$A$2:$A$1048,0),MATCH(AH$3&"",PQ_Juli!$B$1:$AF$1&"",0)),0)} -> 2 | AI30: {=IFERROR(INDEX(PQ_Juli!$B$2:$AF$1048,MATCH($C30,PQ_Juli!$A$2:$A$1048,0),MATCH(AI$3&"",PQ_Juli!$B$1:$AF$1&"",0)),0)} -> 0 | AJ30: {=IFERROR(INDEX(PQ_Juli!$B$2:$AF$1048,MATCH($C30,PQ_Juli!$A$2:$A$1048,0),MATCH(AJ$3&"",PQ_Juli!$B$1:$AF$1&"",0)),0)} -> 0 | AK30: {=IFERROR(INDEX(PQ_Juli!$B$2:$AF$1048,MATCH($C30,PQ_Juli!$A$2:$A$1048,0),MATCH(AK$3&"",PQ_Juli!$B$1:$AF$1&"",0)),0)} -> 0 | AL30: {=IFERROR(INDEX(PQ_Juli!$B$2:$AF$1048,MATCH($C30,PQ_Juli!$A$2:$A$1048,0),MATCH(AL$3&"",PQ_Juli!$B$1:$AF$1&"",0)),0)} -> 0 | AM30: 8 | AN30: =SUM(H30:AL30)+AM30 -> 25 | AO30: =(G30-AN30)+AZ30 -> #REF! | AP30: 30 | AQ30: Pcs | AR30: 46216 | AS30: 1 | AV30: 46220 | AX30: =IFERROR(IF(AV30="",0,$D30*AS30),0) -> 30 | AY30: =IFERROR(IF(AW30="",0,$D30*AU30),0) -> 0 | AZ30: =AX30+AY30 -> 30 | BA30: =(G30-AN30)+AZ30 -> #REF! | BN30: 77
A31: =AO31 -> 37 | C31: CMV IgG | D31: 60 | E31: 16 | F31: 25 | G31: 71 | H31: {=IFERROR(INDEX(PQ_Juli!$B$2:$AF$1048,MATCH($C31,PQ_Juli!$A$2:$A$1048,0),MATCH(H$3&"",PQ_Juli!$B$1:$AF$1&"",0)),0)} -> 0 | I31: {=IFERROR(INDEX(PQ_Juli!$B$2:$AF$1048,MATCH($C31,PQ_Juli!$A$2:$A$1048,0),MATCH(I$3&"",PQ_Juli!$B$1:$AF$1&"",0)),0)} -> 0 | J31: {=IFERROR(INDEX(PQ_Juli!$B$2:$AF$1048,MATCH($C31,PQ_Juli!$A$2:$A$1048,0),MATCH(J$3&"",PQ_Juli!$B$1:$AF$1&"",0)),0)} -> 0 | K31: {=IFERROR(INDEX(PQ_Juli!$B$2:$AF$1048,MATCH($C31,PQ_Juli!$A$2:$A$1048,0),MATCH(K$3&"",PQ_Juli!$B$1:$AF$1&"",0)),0)} -> 0 | M31: {=IFERROR(INDEX(PQ_Juli!$B$2:$AF$1048,MATCH($C31,PQ_Juli!$A$2:$A$1048,0),MATCH(M$3&"",PQ_Juli!$B$1:$AF$1&"",0)),0)} -> 1 | N31: {=IFERROR(INDEX(PQ_Juli!$B$2:$AF$1048,MATCH($C31,PQ_Juli!$A$2:$A$1048,0),MATCH(N$3&"",PQ_Juli!$B$1:$AF$1&"",0)),0)} -> 1 | O31: {=IFERROR(INDEX(PQ_Juli!$B$2:$AF$1048,MATCH($C31,PQ_Juli!$A$2:$A$1048,0),MATCH(O$3&"",PQ_Juli!$B$1:$AF$1&"",0)),0)} -> 0 | P31: {=IFERROR(INDEX(PQ_Juli!$B$2:$AF$1048,MATCH($C31,PQ_Juli!$A$2:$A$1048,0),MATCH(P$3&"",PQ_Juli!$B$1:$AF$1&"",0)),0)} -> 0 | Q31: {=IFERROR(INDEX(PQ_Juli!$B$2:$AF$1048,MATCH($C31,PQ_Juli!$A$2:$A$1048,0),MATCH(Q$3&"",PQ_Juli!$B$1:$AF$1&"",0)),0)} -> 1 | R31: {=IFERROR(INDEX(PQ_Juli!$B$2:$AF$1048,MATCH($C31,PQ_Juli!$A$2:$A$1048,0),MATCH(R$3&"",PQ_Juli!$B$1:$AF$1&"",0)),0)} -> 2 | T31: {=IFERROR(INDEX(PQ_Juli!$B$2:$AF$1048,MATCH($C31,PQ_Juli!$A$2:$A$1048,0),MATCH(T$3&"",PQ_Juli!$B$1:$AF$1&"",0)),0)} -> 1 | U31: {=IFERROR(INDEX(PQ_Juli!$B$2:$AF$1048,MATCH($C31,PQ_Juli!$A$2:$A$1048,0),MATCH(U$3&"",PQ_Juli!$B$1:$AF$1&"",0)),0)} -> 2 | V31: {=IFERROR(INDEX(PQ_Juli!$B$2:$AF$1048,MATCH($C31,PQ_Juli!$A$2:$A$1048,0),MATCH(V$3&"",PQ_Juli!$B$1:$AF$1&"",0)),0)} -> 1 | W31: {=IFERROR(INDEX(PQ_Juli!$B$2:$AF$1048,MATCH($C31,PQ_Juli!$A$2:$A$1048,0),MATCH(W$3&"",PQ_Juli!$B$1:$AF$1&"",0)),0)} -> 0 | X31: {=IFERROR(INDEX(PQ_Juli!$B$2:$AF$1048,MATCH($C31,PQ_Juli!$A$2:$A$1048,0),MATCH(X$3&"",PQ_Juli!$B$1:$AF$1&"",0)),0)} -> 2 | Y31: {=IFERROR(INDEX(PQ_Juli!$B$2:$AF$1048,MATCH($C31,PQ_Juli!$A$2:$A$1048,0),MATCH(Y$3&"",PQ_Juli!$B$1:$AF$1&"",0)),0)} -> 1 | AA31: {=IFERROR(INDEX(PQ_Juli!$B$2:$AF$1048,MATCH($C31,PQ_Juli!$A$2:$A$1048,0),MATCH(AA$3&"",PQ_Juli!$B$1:$AF$1&"",0)),0)} -> 4 | AB31: {=IFERROR(INDEX(PQ_Juli!$B$2:$AF$1048,MATCH($C31,PQ_Juli!$A$2:$A$1048,0),MATCH(AB$3&"",PQ_Juli!$B$1:$AF$1&"",0)),0)} -> 0 | AC31: {=IFERROR(INDEX(PQ_Juli!$B$2:$AF$1048,MATCH($C31,PQ_Juli!$A$2:$A$1048,0),MATCH(AC$3&"",PQ_Juli!$B$1:$AF$1&"",0)),0)} -> 2 | AD31: {=IFERROR(INDEX(PQ_Juli!$B$2:$AF$1048,MATCH($C31,PQ_Juli!$A$2:$A$1048,0),MATCH(AD$3&"",PQ_Juli!$B$1:$AF$1&"",0)),0)} -> 2 | AE31: {=IFERROR(INDEX(PQ_Juli!$B$2:$AF$1048,MATCH($C31,PQ_Juli!$A$2:$A$1048,0),MATCH(AE$3&"",PQ_Juli!$B$1:$AF$1&"",0)),0)} -> 1 | AF31: {=IFERROR(INDEX(PQ_Juli!$B$2:$AF$1048,MATCH($C31,PQ_Juli!$A$2:$A$1048,0),MATCH(AF$3&"",PQ_Juli!$B$1:$AF$1&"",0)),0)} -> 0 | AH31: {=IFERROR(INDEX(PQ_Juli!$B$2:$AF$1048,MATCH($C31,PQ_Juli!$A$2:$A$1048,0),MATCH(AH$3&"",PQ_Juli!$B$1:$AF$1&"",0)),0)} -> 3 | AI31: {=IFERROR(INDEX(PQ_Juli!$B$2:$AF$1048,MATCH($C31,PQ_Juli!$A$2:$A$1048,0),MATCH(AI$3&"",PQ_Juli!$B$1:$AF$1&"",0)),0)} -> 1 | AJ31: {=IFERROR(INDEX(PQ_Juli!$B$2:$AF$1048,MATCH($C31,PQ_Juli!$A$2:$A$1048,0),MATCH(AJ$3&"",PQ_Juli!$B$1:$AF$1&"",0)),0)} -> 1 | AK31: {=IFERROR(INDEX(PQ_Juli!$B$2:$AF$1048,MATCH($C31,PQ_Juli!$A$2:$A$1048,0),MATCH(AK$3&"",PQ_Juli!$B$1:$AF$1&"",0)),0)} -> 0 | AL31: {=IFERROR(INDEX(PQ_Juli!$B$2:$AF$1048,MATCH($C31,PQ_Juli!$A$2:$A$1048,0),MATCH(AL$3&"",PQ_Juli!$B$1:$AF$1&"",0)),0)} -> 0 | AM31: 8 | AN31: =SUM(H31:AL31)+AM31 -> 34 | AO31: =(G31-AN31)+AZ31 -> 37 | AP31: 30 | AQ31: Pcs | AX31: =IFERROR(IF(AV31="",0,$D31*AS31),0) -> 0 | AY31: =IFERROR(IF(AW31="",0,$D31*AU31),0) -> 0 | AZ31: =AX31+AY31 -> 0 | BA31: =(G31-AN31)+AZ31 -> 37 | BN31: 63
A32: =AO32 -> 22 | C32: CMV IgM | D32: 30 | E32: 12 | F32: 21 | G32: 15 | H32: {=IFERROR(INDEX(PQ_Juli!$B$2:$AF$1048,MATCH($C32,PQ_Juli!$A$2:$A$1048,0),MATCH(H$3&"",PQ_Juli!$B$1:$AF$1&"",0)),0)} -> 0 | I32: {=IFERROR(INDEX(PQ_Juli!$B$2:$AF$1048,MATCH($C32,PQ_Juli!$A$2:$A$1048,0),MATCH(I$3&"",PQ_Juli!$B$1:$AF$1&"",0)),0)} -> 0 | J32: {=IFERROR(INDEX(PQ_Juli!$B$2:$AF$1048,MATCH($C32,PQ_Juli!$A$2:$A$1048,0),MATCH(J$3&"",PQ_Juli!$B$1:$AF$1&"",0)),0)} -> 1 | K32: {=IFERROR(INDEX(PQ_Juli!$B$2:$AF$1048,MATCH($C32,PQ_Juli!$A$2:$A$1048,0),MATCH(K$3&"",PQ_Juli!$B$1:$AF$1&"",0)),0)} -> 0 | M32: {=IFERROR(INDEX(PQ_Juli!$B$2:$AF$1048,MATCH($C32,PQ_Juli!$A$2:$A$1048,0),MATCH(M$3&"",PQ_Juli!$B$1:$AF$1&"",0)),0)} -> 1 | N32: {=IFERROR(INDEX(PQ_Juli!$B$2:$AF$1048,MATCH($C32,PQ_Juli!$A$2:$A$1048,0),MATCH(N$3&"",PQ_Juli!$B$1:$AF$1&"",0)),0)} -> 1 | O32: {=IFERROR(INDEX(PQ_Juli!$B$2:$AF$1048,MATCH($C32,PQ_Juli!$A$2:$A$1048,0),MATCH(O$3&"",PQ_Juli!$B$1:$AF$1&"",0)),0)} -> 0 | P32: {=IFERROR(INDEX(PQ_Juli!$B$2:$AF$1048,MATCH($C32,PQ_Juli!$A$2:$A$1048,0),MATCH(P$3&"",PQ_Juli!$B$1:$AF$1&"",0)),0)} -> 1 | Q32: {=IFERROR(INDEX(PQ_Juli!$B$2:$AF$1048,MATCH($C32,PQ_Juli!$A$2:$A$1048,0),MATCH(Q$3&"",PQ_Juli!$B$1:$AF$1&"",0)),0)} -> 0 | R32: {=IFERROR(INDEX(PQ_Juli!$B$2:$AF$1048,MATCH($C32,PQ_Juli!$A$2:$A$1048,0),MATCH(R$3&"",PQ_Juli!$B$1:$AF$1&"",0)),0)} -> 3 | T32: {=IFERROR(INDEX(PQ_Juli!$B$2:$AF$1048,MATCH($C32,PQ_Juli!$A$2:$A$1048,0),MATCH(T$3&"",PQ_Juli!$B$1:$AF$1&"",0)),0)} -> 1 | U32: {=IFERROR(INDEX(PQ_Juli!$B$2:$AF$1048,MATCH($C32,PQ_Juli!$A$2:$A$1048,0),MATCH(U$3&"",PQ_Juli!$B$1:$AF$1&"",0)),0)} -> 2 | V32: {=IFERROR(INDEX(PQ_Juli!$B$2:$AF$1048,MATCH($C32,PQ_Juli!$A$2:$A$1048,0),MATCH(V$3&"",PQ_Juli!$B$1:$AF$1&"",0)),0)} -> 0 | W32: {=IFERROR(INDEX(PQ_Juli!$B$2:$AF$1048,MATCH($C32,PQ_Juli!$A$2:$A$1048,0),MATCH(W$3&"",PQ_Juli!$B$1:$AF$1&"",0)),0)} -> 0 | X32: {=IFERROR(INDEX(PQ_Juli!$B$2:$AF$1048,MATCH($C32,PQ_Juli!$A$2:$A$1048,0),MATCH(X$3&"",PQ_Juli!$B$1:$AF$1&"",0)),0)} -> 0 | Y32: {=IFERROR(INDEX(PQ_Juli!$B$2:$AF$1048,MATCH($C32,PQ_Juli!$A$2:$A$1048,0),MATCH(Y$3&"",PQ_Juli!$B$1:$AF$1&"",0)),0)} -> 1 | AA32: {=IFERROR(INDEX(PQ_Juli!$B$2:$AF$1048,MATCH($C32,PQ_Juli!$A$2:$A$1048,0),MATCH(AA$3&"",PQ_Juli!$B$1:$AF$1&"",0)),0)} -> 1 | AB32: {=IFERROR(INDEX(PQ_Juli!$B$2:$AF$1048,MATCH($C32,PQ_Juli!$A$2:$A$1048,0),MATCH(AB$3&"",PQ_Juli!$B$1:$AF$1&"",0)),0)} -> 0 | AC32: {=IFERROR(INDEX(PQ_Juli!$B$2:$AF$1048,MATCH($C32,PQ_Juli!$A$2:$A$1048,0),MATCH(AC$3&"",PQ_Juli!$B$1:$AF$1&"",0)),0)} -> 1 | AD32: {=IFERROR(INDEX(PQ_Juli!$B$2:$AF$1048,MATCH($C32,PQ_Juli!$A$2:$A$1048,0),MATCH(AD$3&"",PQ_Juli!$B$1:$AF$1&"",0)),0)} -> 0 | AE32: {=IFERROR(INDEX(PQ_Juli!$B$2:$AF$1048,MATCH($C32,PQ_Juli!$A$2:$A$1048,0),MATCH(AE$3&"",PQ_Juli!$B$1:$AF$1&"",0)),0)} -> 2 | AF32: {=IFERROR(INDEX(PQ_Juli!$B$2:$AF$1048,MATCH($C32,PQ_Juli!$A$2:$A$1048,0),MATCH(AF$3&"",PQ_Juli!$B$1:$AF$1&"",0)),0)} -> 1 | AH32: {=IFERROR(INDEX(PQ_Juli!$B$2:$AF$1048,MATCH($C32,PQ_Juli!$A$2:$A$1048,0),MATCH(AH$3&"",PQ_Juli!$B$1:$AF$1&"",0)),0)} -> 2 | AI32: {=IFERROR(INDEX(PQ_Juli!$B$2:$AF$1048,MATCH($C32,PQ_Juli!$A$2:$A$1048,0),MATCH(AI$3&"",PQ_Juli!$B$1:$AF$1&"",0)),0)} -> 1 | AJ32: {=IFERROR(INDEX(PQ_Juli!$B$2:$AF$1048,MATCH($C32,PQ_Juli!$A$2:$A$1048,0),MATCH(AJ$3&"",PQ_Juli!$B$1:$AF$1&"",0)),0)} -> 0 | AK32: {=IFERROR(INDEX(PQ_Juli!$B$2:$AF$1048,MATCH($C32,PQ_Juli!$A$2:$A$1048,0),MATCH(AK$3&"",PQ_Juli!$B$1:$AF$1&"",0)),0)} -> 0 | AL32: {=IFERROR(INDEX(PQ_Juli!$B$2:$AF$1048,MATCH($C32,PQ_Juli!$A$2:$A$1048,0),MATCH(AL$3&"",PQ_Juli!$B$1:$AF$1&"",0)),0)} -> 0 | AM32: 4 | AN32: =SUM(H32:AL32)+AM32 -> 23 | AO32: =(G32-AN32)+AZ32 -> 22 | AP32: 20 | AQ32: Pcs | AR32: 46210 | AS32: 1 | AV32: 46213 | AX32: =IFERROR(IF(AV32="",0,$D32*AS32),0) -> 30 | AY32: =IFERROR(IF(AW32="",0,$D32*AU32),0) -> 0 | AZ32: =AX32+AY32 -> 30 | BA32: =(G32-AN32)+AZ32 -> 22 | BN32: 30
A33: =AO33 -> 31 | C33: Anti HAV IgM | D33: 30 | E33: 12 | F33: 14 | G33: 51 | H33: {=IFERROR(INDEX(PQ_Juli!$B$2:$AF$1048,MATCH($C33,PQ_Juli!$A$2:$A$1048,0),MATCH(H$3&"",PQ_Juli!$B$1:$AF$1&"",0)),0)} -> 1 | I33: {=IFERROR(INDEX(PQ_Juli!$B$2:$AF$1048,MATCH($C33,PQ_Juli!$A$2:$A$1048,0),MATCH(I$3&"",PQ_Juli!$B$1:$AF$1&"",0)),0)} -> 0 | J33: {=IFERROR(INDEX(PQ_Juli!$B$2:$AF$1048,MATCH($C33,PQ_Juli!$A$2:$A$1048,0),MATCH(J$3&"",PQ_Juli!$B$1:$AF$1&"",0)),0)} -> 0 | K33: {=IFERROR(INDEX(PQ_Juli!$B$2:$AF$1048,MATCH($C33,PQ_Juli!$A$2:$A$1048,0),MATCH(K$3&"",PQ_Juli!$B$1:$AF$1&"",0)),0)} -> 0 | M33: {=IFERROR(INDEX(PQ_Juli!$B$2:$AF$1048,MATCH($C33,PQ_Juli!$A$2:$A$1048,0),MATCH(M$3&"",PQ_Juli!$B$1:$AF$1&"",0)),0)} -> 1 | N33: {=IFERROR(INDEX(PQ_Juli!$B$2:$AF$1048,MATCH($C33,PQ_Juli!$A$2:$A$1048,0),MATCH(N$3&"",PQ_Juli!$B$1:$AF$1&"",0)),0)} -> 0 | O33: {=IFERROR(INDEX(PQ_Juli!$B$2:$AF$1048,MATCH($C33,PQ_Juli!$A$2:$A$1048,0),MATCH(O$3&"",PQ_Juli!$B$1:$AF$1&"",0)),0)} -> 0 | P33: {=IFERROR(INDEX(PQ_Juli!$B$2:$AF$1048,MATCH($C33,PQ_Juli!$A$2:$A$1048,0),MATCH(P$3&"",PQ_Juli!$B$1:$AF$1&"",0)),0)} -> 0 | Q33: {=IFERROR(INDEX(PQ_Juli!$B$2:$AF$1048,MATCH($C33,PQ_Juli!$A$2:$A$1048,0),MATCH(Q$3&"",PQ_Juli!$B$1:$AF$1&"",0)),0)} -> 1 | R33: {=IFERROR(INDEX(PQ_Juli!$B$2:$AF$1048,MATCH($C33,PQ_Juli!$A$2:$A$1048,0),MATCH(R$3&"",PQ_Juli!$B$1:$AF$1&"",0)),0)} -> 1 | T33: {=IFERROR(INDEX(PQ_Juli!$B$2:$AF$1048,MATCH($C33,PQ_Juli!$A$2:$A$1048,0),MATCH(T$3&"",PQ_Juli!$B$1:$AF$1&"",0)),0)} -> 2 | U33: {=IFERROR(INDEX(PQ_Juli!$B$2:$AF$1048,MATCH($C33,PQ_Juli!$A$2:$A$1048,0),MATCH(U$3&"",PQ_Juli!$B$1:$AF$1&"",0)),0)} -> 2 | V33: {=IFERROR(INDEX(PQ_Juli!$B$2:$AF$1048,MATCH($C33,PQ_Juli!$A$2:$A$1048,0),MATCH(V$3&"",PQ_Juli!$B$1:$AF$1&"",0)),0)} -> 0 | W33: {=IFERROR(INDEX(PQ_Juli!$B$2:$AF$1048,MATCH($C33,PQ_Juli!$A$2:$A$1048,0),MATCH(W$3&"",PQ_Juli!$B$1:$AF$1&"",0)),0)} -> 0 | X33: {=IFERROR(INDEX(PQ_Juli!$B$2:$AF$1048,MATCH($C33,PQ_Juli!$A$2:$A$1048,0),MATCH(X$3&"",PQ_Juli!$B$1:$AF$1&"",0)),0)} -> 0 | Y33: {=IFERROR(INDEX(PQ_Juli!$B$2:$AF$1048,MATCH($C33,PQ_Juli!$A$2:$A$1048,0),MATCH(Y$3&"",PQ_Juli!$B$1:$AF$1&"",0)),0)} -> 0 | AA33: {=IFERROR(INDEX(PQ_Juli!$B$2:$AF$1048,MATCH($C33,PQ_Juli!$A$2:$A$1048,0),MATCH(AA$3&"",PQ_Juli!$B$1:$AF$1&"",0)),0)} -> 0 | AB33: {=IFERROR(INDEX(PQ_Juli!$B$2:$AF$1048,MATCH($C33,PQ_Juli!$A$2:$A$1048,0),MATCH(AB$3&"",PQ_Juli!$B$1:$AF$1&"",0)),0)} -> 1 | AC33: {=IFERROR(INDEX(PQ_Juli!$B$2:$AF$1048,MATCH($C33,PQ_Juli!$A$2:$A$1048,0),MATCH(AC$3&"",PQ_Juli!$B$1:$AF$1&"",0)),0)} -> 1 | AD33: {=IFERROR(INDEX(PQ_Juli!$B$2:$AF$1048,MATCH($C33,PQ_Juli!$A$2:$A$1048,0),MATCH(AD$3&"",PQ_Juli!$B$1:$AF$1&"",0)),0)} -> 0 | AE33: {=IFERROR(INDEX(PQ_Juli!$B$2:$AF$1048,MATCH($C33,PQ_Juli!$A$2:$A$1048,0),MATCH(AE$3&"",PQ_Juli!$B$1:$AF$1&"",0)),0)} -> 4 | AF33: {=IFERROR(INDEX(PQ_Juli!$B$2:$AF$1048,MATCH($C33,PQ_Juli!$A$2:$A$1048,0),MATCH(AF$3&"",PQ_Juli!$B$1:$AF$1&"",0)),0)} -> 0 | AH33: {=IFERROR(INDEX(PQ_Juli!$B$2:$AF$1048,MATCH($C33,PQ_Juli!$A$2:$A$1048,0),MATCH(AH$3&"",PQ_Juli!$B$1:$AF$1&"",0)),0)} -> 1 | AI33: {=IFERROR(INDEX(PQ_Juli!$B$2:$AF$1048,MATCH($C33,PQ_Juli!$A$2:$A$1048,0),MATCH(AI$3&"",PQ_Juli!$B$1:$AF$1&"",0)),0)} -> 0 | AJ33: {=IFERROR(INDEX(PQ_Juli!$B$2:$AF$1048,MATCH($C33,PQ_Juli!$A$2:$A$1048,0),MATCH(AJ$3&"",PQ_Juli!$B$1:$AF$1&"",0)),0)} -> 0 | AK33: {=IFERROR(INDEX(PQ_Juli!$B$2:$AF$1048,MATCH($C33,PQ_Juli!$A$2:$A$1048,0),MATCH(AK$3&"",PQ_Juli!$B$1:$AF$1&"",0)),0)} -> 0 | AL33: {=IFERROR(INDEX(PQ_Juli!$B$2:$AF$1048,MATCH($C33,PQ_Juli!$A$2:$A$1048,0),MATCH(AL$3&"",PQ_Juli!$B$1:$AF$1&"",0)),0)} -> 1 | AM33: 4 | AN33: =SUM(H33:AL33)+AM33 -> 20 | AO33: =(G33-AN33)+AZ33 -> 31 | AP33: 20 | AQ33: Pcs | AX33: =IFERROR(IF(AV33="",0,$D33*AS33),0) -> 0 | AY33: =IFERROR(IF(AW33="",0,$D33*AU33),0) -> 0 | AZ33: =AX33+AY33 -> 0 | BA33: =(G33-AN33)+AZ33 -> 31 | BN33: 8
A34: =AO34 -> #REF! | C34: Free PSA | D34: 30 | E34: 3 | F34: 1 | G34: =#REF! -> #REF! | H34: {=IFERROR(INDEX(PQ_Juli!$B$2:$AF$1048,MATCH($C34,PQ_Juli!$A$2:$A$1048,0),MATCH(H$3&"",PQ_Juli!$B$1:$AF$1&"",0)),0)} -> 0 | I34: {=IFERROR(INDEX(PQ_Juli!$B$2:$AF$1048,MATCH($C34,PQ_Juli!$A$2:$A$1048,0),MATCH(I$3&"",PQ_Juli!$B$1:$AF$1&"",0)),0)} -> 0 | J34: {=IFERROR(INDEX(PQ_Juli!$B$2:$AF$1048,MATCH($C34,PQ_Juli!$A$2:$A$1048,0),MATCH(J$3&"",PQ_Juli!$B$1:$AF$1&"",0)),0)} -> 0 | K34: {=IFERROR(INDEX(PQ_Juli!$B$2:$AF$1048,MATCH($C34,PQ_Juli!$A$2:$A$1048,0),MATCH(K$3&"",PQ_Juli!$B$1:$AF$1&"",0)),0)} -> 0 | M34: {=IFERROR(INDEX(PQ_Juli!$B$2:$AF$1048,MATCH($C34,PQ_Juli!$A$2:$A$1048,0),MATCH(M$3&"",PQ_Juli!$B$1:$AF$1&"",0)),0)} -> 0 | N34: {=IFERROR(INDEX(PQ_Juli!$B$2:$AF$1048,MATCH($C34,PQ_Juli!$A$2:$A$1048,0),MATCH(N$3&"",PQ_Juli!$B$1:$AF$1&"",0)),0)} -> 0 | O34: {=IFERROR(INDEX(PQ_Juli!$B$2:$AF$1048,MATCH($C34,PQ_Juli!$A$2:$A$1048,0),MATCH(O$3&"",PQ_Juli!$B$1:$AF$1&"",0)),0)} -> 0 | P34: {=IFERROR(INDEX(PQ_Juli!$B$2:$AF$1048,MATCH($C34,PQ_Juli!$A$2:$A$1048,0),MATCH(P$3&"",PQ_Juli!$B$1:$AF$1&"",0)),0)} -> 0 | Q34: {=IFERROR(INDEX(PQ_Juli!$B$2:$AF$1048,MATCH($C34,PQ_Juli!$A$2:$A$1048,0),MATCH(Q$3&"",PQ_Juli!$B$1:$AF$1&"",0)),0)} -> 0 | R34: {=IFERROR(INDEX(PQ_Juli!$B$2:$AF$1048,MATCH($C34,PQ_Juli!$A$2:$A$1048,0),MATCH(R$3&"",PQ_Juli!$B$1:$AF$1&"",0)),0)} -> 0 | T34: {=IFERROR(INDEX(PQ_Juli!$B$2:$AF$1048,MATCH($C34,PQ_Juli!$A$2:$A$1048,0),MATCH(T$3&"",PQ_Juli!$B$1:$AF$1&"",0)),0)} -> 0 | U34: {=IFERROR(INDEX(PQ_Juli!$B$2:$AF$1048,MATCH($C34,PQ_Juli!$A$2:$A$1048,0),MATCH(U$3&"",PQ_Juli!$B$1:$AF$1&"",0)),0)} -> 0 | V34: {=IFERROR(INDEX(PQ_Juli!$B$2:$AF$1048,MATCH($C34,PQ_Juli!$A$2:$A$1048,0),MATCH(V$3&"",PQ_Juli!$B$1:$AF$1&"",0)),0)} -> 0 | W34: {=IFERROR(INDEX(PQ_Juli!$B$2:$AF$1048,MATCH($C34,PQ_Juli!$A$2:$A$1048,0),MATCH(W$3&"",PQ_Juli!$B$1:$AF$1&"",0)),0)} -> 0 | X34: {=IFERROR(INDEX(PQ_Juli!$B$2:$AF$1048,MATCH($C34,PQ_Juli!$A$2:$A$1048,0),MATCH(X$3&"",PQ_Juli!$B$1:$AF$1&"",0)),0)} -> 0 | Y34: {=IFERROR(INDEX(PQ_Juli!$B$2:$AF$1048,MATCH($C34,PQ_Juli!$A$2:$A$1048,0),MATCH(Y$3&"",PQ_Juli!$B$1:$AF$1&"",0)),0)} -> 0 | AA34: {=IFERROR(INDEX(PQ_Juli!$B$2:$AF$1048,MATCH($C34,PQ_Juli!$A$2:$A$1048,0),MATCH(AA$3&"",PQ_Juli!$B$1:$AF$1&"",0)),0)} -> 0 | AB34: {=IFERROR(INDEX(PQ_Juli!$B$2:$AF$1048,MATCH($C34,PQ_Juli!$A$2:$A$1048,0),MATCH(AB$3&"",PQ_Juli!$B$1:$AF$1&"",0)),0)} -> 0 | AC34: {=IFERROR(INDEX(PQ_Juli!$B$2:$AF$1048,MATCH($C34,PQ_Juli!$A$2:$A$1048,0),MATCH(AC$3&"",PQ_Juli!$B$1:$AF$1&"",0)),0)} -> 0 | AD34: {=IFERROR(INDEX(PQ_Juli!$B$2:$AF$1048,MATCH($C34,PQ_Juli!$A$2:$A$1048,0),MATCH(AD$3&"",PQ_Juli!$B$1:$AF$1&"",0)),0)} -> 0 | AE34: {=IFERROR(INDEX(PQ_Juli!$B$2:$AF$1048,MATCH($C34,PQ_Juli!$A$2:$A$1048,0),MATCH(AE$3&"",PQ_Juli!$B$1:$AF$1&"",0)),0)} -> 0 | AF34: {=IFERROR(INDEX(PQ_Juli!$B$2:$AF$1048,MATCH($C34,PQ_Juli!$A$2:$A$1048,0),MATCH(AF$3&"",PQ_Juli!$B$1:$AF$1&"",0)),0)} -> 0 | AH34: {=IFERROR(INDEX(PQ_Juli!$B$2:$AF$1048,MATCH($C34,PQ_Juli!$A$2:$A$1048,0),MATCH(AH$3&"",PQ_Juli!$B$1:$AF$1&"",0)),0)} -> 0 | AI34: {=IFERROR(INDEX(PQ_Juli!$B$2:$AF$1048,MATCH($C34,PQ_Juli!$A$2:$A$1048,0),MATCH(AI$3&"",PQ_Juli!$B$1:$AF$1&"",0)),0)} -> 0 | AJ34: {=IFERROR(INDEX(PQ_Juli!$B$2:$AF$1048,MATCH($C34,PQ_Juli!$A$2:$A$1048,0),MATCH(AJ$3&"",PQ_Juli!$B$1:$AF$1&"",0)),0)} -> 0 | AK34: {=IFERROR(INDEX(PQ_Juli!$B$2:$AF$1048,MATCH($C34,PQ_Juli!$A$2:$A$1048,0),MATCH(AK$3&"",PQ_Juli!$B$1:$AF$1&"",0)),0)} -> 0 | AL34: {=IFERROR(INDEX(PQ_Juli!$B$2:$AF$1048,MATCH($C34,PQ_Juli!$A$2:$A$1048,0),MATCH(AL$3&"",PQ_Juli!$B$1:$AF$1&"",0)),0)} -> 0 | AM34: 3 | AN34: =SUM(H34:AL34)+AM34 -> 3 | AO34: =(G34-AN34)+AZ34 -> #REF! | AP34: 10 | AQ34: Pcs | AX34: =IFERROR(IF(AV34="",0,$D34*AS34),0) -> 0 | AY34: =IFERROR(IF(AW34="",0,$D34*AU34),0) -> 0 | AZ34: =AX34+AY34 -> 0 | BA34: =(G34-AN34)+AZ34 -> #REF! | BN34: 26
A35: =AO35 -> 66 | C35: TSHs | D35: 60 | E35: 0 | F35: 29 | G35: 28 | H35: {=IFERROR(INDEX(PQ_Juli!$B$2:$AF$1048,MATCH($C35,PQ_Juli!$A$2:$A$1048,0),MATCH(H$3&"",PQ_Juli!$B$1:$AF$1&"",0)),0)} -> 5 | I35: {=IFERROR(INDEX(PQ_Juli!$B$2:$AF$1048,MATCH($C35,PQ_Juli!$A$2:$A$1048,0),MATCH(I$3&"",PQ_Juli!$B$1:$AF$1&"",0)),0)} -> 2 | J35: {=IFERROR(INDEX(PQ_Juli!$B$2:$AF$1048,MATCH($C35,PQ_Juli!$A$2:$A$1048,0),MATCH(J$3&"",PQ_Juli!$B$1:$AF$1&"",0)),0)} -> 2 | K35: {=IFERROR(INDEX(PQ_Juli!$B$2:$AF$1048,MATCH($C35,PQ_Juli!$A$2:$A$1048,0),MATCH(K$3&"",PQ_Juli!$B$1:$AF$1&"",0)),0)} -> 2 | M35: {=IFERROR(INDEX(PQ_Juli!$B$2:$AF$1048,MATCH($C35,PQ_Juli!$A$2:$A$1048,0),MATCH(M$3&"",PQ_Juli!$B$1:$AF$1&"",0)),0)} -> 3 | N35: {=IFERROR(INDEX(PQ_Juli!$B$2:$AF$1048,MATCH($C35,PQ_Juli!$A$2:$A$1048,0),MATCH(N$3&"",PQ_Juli!$B$1:$AF$1&"",0)),0)} -> 4 | O35: {=IFERROR(INDEX(PQ_Juli!$B$2:$AF$1048,MATCH($C35,PQ_Juli!$A$2:$A$1048,0),MATCH(O$3&"",PQ_Juli!$B$1:$AF$1&"",0)),0)} -> 4 | P35: {=IFERROR(INDEX(PQ_Juli!$B$2:$AF$1048,MATCH($C35,PQ_Juli!$A$2:$A$1048,0),MATCH(P$3&"",PQ_Juli!$B$1:$AF$1&"",0)),0)} -> 2 | Q35: {=IFERROR(INDEX(PQ_Juli!$B$2:$AF$1048,MATCH($C35,PQ_Juli!$A$2:$A$1048,0),MATCH(Q$3&"",PQ_Juli!$B$1:$AF$1&"",0)),0)} -> 2 | R35: {=IFERROR(INDEX(PQ_Juli!$B$2:$AF$1048,MATCH($C35,PQ_Juli!$A$2:$A$1048,0),MATCH(R$3&"",PQ_Juli!$B$1:$AF$1&"",0)),0)} -> 3 | T35: {=IFERROR(INDEX(PQ_Juli!$B$2:$AF$1048,MATCH($C35,PQ_Juli!$A$2:$A$1048,0),MATCH(T$3&"",PQ_Juli!$B$1:$AF$1&"",0)),0)} -> 5 | U35: {=IFERROR(INDEX(PQ_Juli!$B$2:$AF$1048,MATCH($C35,PQ_Juli!$A$2:$A$1048,0),MATCH(U$3&"",PQ_Juli!$B$1:$AF$1&"",0)),0)} -> 2 | V35: {=IFERROR(INDEX(PQ_Juli!$B$2:$AF$1048,MATCH($C35,PQ_Juli!$A$2:$A$1048,0),MATCH(V$3&"",PQ_Juli!$B$1:$AF$1&"",0)),0)} -> 4 | W35: {=IFERROR(INDEX(PQ_Juli!$B$2:$AF$1048,MATCH($C35,PQ_Juli!$A$2:$A$1048,0),MATCH(W$3&"",PQ_Juli!$B$1:$AF$1&"",0)),0)} -> 1 | X35: {=IFERROR(INDEX(PQ_Juli!$B$2:$AF$1048,MATCH($C35,PQ_Juli!$A$2:$A$1048,0),MATCH(X$3&"",PQ_Juli!$B$1:$AF$1&"",0)),0)} -> 2 | Y35: {=IFERROR(INDEX(PQ_Juli!$B$2:$AF$1048,MATCH($C35,PQ_Juli!$A$2:$A$1048,0),MATCH(Y$3&"",PQ_Juli!$B$1:$AF$1&"",0)),0)} -> 2 | AA35: {=IFERROR(INDEX(PQ_Juli!$B$2:$AF$1048,MATCH($C35,PQ_Juli!$A$2:$A$1048,0),MATCH(AA$3&"",PQ_Juli!$B$1:$AF$1&"",0)),0)} -> 2 | AB35: {=IFERROR(INDEX(PQ_Juli!$B$2:$AF$1048,MATCH($C35,PQ_Juli!$A$2:$A$1048,0),MATCH(AB$3&"",PQ_Juli!$B$1:$AF$1&"",0)),0)} -> 2 | AC35: {=IFERROR(INDEX(PQ_Juli!$B$2:$AF$1048,MATCH($C35,PQ_Juli!$A$2:$A$1048,0),MATCH(AC$3&"",PQ_Juli!$B$1:$AF$1&"",0)),0)} -> 2 | AD35: {=IFERROR(INDEX(PQ_Juli!$B$2:$AF$1048,MATCH($C35,PQ_Juli!$A$2:$A$1048,0),MATCH(AD$3&"",PQ_Juli!$B$1:$AF$1&"",0)),0)} -> 3 | AE35: {=IFERROR(INDEX(PQ_Juli!$B$2:$AF$1048,MATCH($C35,PQ_Juli!$A$2:$A$1048,0),MATCH(AE$3&"",PQ_Juli!$B$1:$AF$1&"",0)),0)} -> 3 | AF35: {=IFERROR(INDEX(PQ_Juli!$B$2:$AF$1048,MATCH($C35,PQ_Juli!$A$2:$A$1048,0),MATCH(AF$3&"",PQ_Juli!$B$1:$AF$1&"",0)),0)} -> 2 | AH35: {=IFERROR(INDEX(PQ_Juli!$B$2:$AF$1048,MATCH($C35,PQ_Juli!$A$2:$A$1048,0),MATCH(AH$3&"",PQ_Juli!$B$1:$AF$1&"",0)),0)} -> 3 | AI35: {=IFERROR(INDEX(PQ_Juli!$B$2:$AF$1048,MATCH($C35,PQ_Juli!$A$2:$A$1048,0),MATCH(AI$3&"",PQ_Juli!$B$1:$AF$1&"",0)),0)} -> 2 | AJ35: {=IFERROR(INDEX(PQ_Juli!$B$2:$AF$1048,MATCH($C35,PQ_Juli!$A$2:$A$1048,0),MATCH(AJ$3&"",PQ_Juli!$B$1:$AF$1&"",0)),0)} -> 5 | AK35: {=IFERROR(INDEX(PQ_Juli!$B$2:$AF$1048,MATCH($C35,PQ_Juli!$A$2:$A$1048,0),MATCH(AK$3&"",PQ_Juli!$B$1:$AF$1&"",0)),0)} -> 0 | AL35: {=IFERROR(INDEX(PQ_Juli!$B$2:$AF$1048,MATCH($C35,PQ_Juli!$A$2:$A$1048,0),MATCH(AL$3&"",PQ_Juli!$B$1:$AF$1&"",0)),0)} -> 1 | AM35: 12 | AN35: =SUM(H35:AL35)+AM35 -> 82 | AO35: =(G35-AN35)+AZ35 -> 66 | AP35: 40 | AQ35: Pcs | AR35: 46210 | AS35: 1 | AT35: 46219 | AU35: 1 | AV35: 46213 | AW35: 46231 | AX35: =IFERROR(IF(AV35="",0,$D35*AS35),0) -> 60 | AY35: =IFERROR(IF(AW35="",0,$D35*AU35),0) -> 60 | AZ35: =AX35+AY35 -> 120 | BA35: =(G35-AN35)+AZ35 -> 66 | BN35: 56
A36: =AO36 -> #REF! | C36: Prolactin | D36: 60 | E36: 9 | F36: 12 | G36: =#REF! -> #REF! | H36: {=IFERROR(INDEX(PQ_Juli!$B$2:$AF$1048,MATCH($C36,PQ_Juli!$A$2:$A$1048,0),MATCH(H$3&"",PQ_Juli!$B$1:$AF$1&"",0)),0)} -> 0 | I36: {=IFERROR(INDEX(PQ_Juli!$B$2:$AF$1048,MATCH($C36,PQ_Juli!$A$2:$A$1048,0),MATCH(I$3&"",PQ_Juli!$B$1:$AF$1&"",0)),0)} -> 0 | J36: {=IFERROR(INDEX(PQ_Juli!$B$2:$AF$1048,MATCH($C36,PQ_Juli!$A$2:$A$1048,0),MATCH(J$3&"",PQ_Juli!$B$1:$AF$1&"",0)),0)} -> 0 | K36: {=IFERROR(INDEX(PQ_Juli!$B$2:$AF$1048,MATCH($C36,PQ_Juli!$A$2:$A$1048,0),MATCH(K$3&"",PQ_Juli!$B$1:$AF$1&"",0)),0)} -> 1 | M36: {=IFERROR(INDEX(PQ_Juli!$B$2:$AF$1048,MATCH($C36,PQ_Juli!$A$2:$A$1048,0),MATCH(M$3&"",PQ_Juli!$B$1:$AF$1&"",0)),0)} -> 1 | N36: {=IFERROR(INDEX(PQ_Juli!$B$2:$AF$1048,MATCH($C36,PQ_Juli!$A$2:$A$1048,0),MATCH(N$3&"",PQ_Juli!$B$1:$AF$1&"",0)),0)} -> 1 | O36: {=IFERROR(INDEX(PQ_Juli!$B$2:$AF$1048,MATCH($C36,PQ_Juli!$A$2:$A$1048,0),MATCH(O$3&"",PQ_Juli!$B$1:$AF$1&"",0)),0)} -> 0 | P36: {=IFERROR(INDEX(PQ_Juli!$B$2:$AF$1048,MATCH($C36,PQ_Juli!$A$2:$A$1048,0),MATCH(P$3&"",PQ_Juli!$B$1:$AF$1&"",0)),0)} -> 0 | Q36: {=IFERROR(INDEX(PQ_Juli!$B$2:$AF$1048,MATCH($C36,PQ_Juli!$A$2:$A$1048,0),MATCH(Q$3&"",PQ_Juli!$B$1:$AF$1&"",0)),0)} -> 0 | R36: {=IFERROR(INDEX(PQ_Juli!$B$2:$AF$1048,MATCH($C36,PQ_Juli!$A$2:$A$1048,0),MATCH(R$3&"",PQ_Juli!$B$1:$AF$1&"",0)),0)} -> 4 | T36: {=IFERROR(INDEX(PQ_Juli!$B$2:$AF$1048,MATCH($C36,PQ_Juli!$A$2:$A$1048,0),MATCH(T$3&"",PQ_Juli!$B$1:$AF$1&"",0)),0)} -> 1 | U36: {=IFERROR(INDEX(PQ_Juli!$B$2:$AF$1048,MATCH($C36,PQ_Juli!$A$2:$A$1048,0),MATCH(U$3&"",PQ_Juli!$B$1:$AF$1&"",0)),0)} -> 0 | V36: {=IFERROR(INDEX(PQ_Juli!$B$2:$AF$1048,MATCH($C36,PQ_Juli!$A$2:$A$1048,0),MATCH(V$3&"",PQ_Juli!$B$1:$AF$1&"",0)),0)} -> 1 | W36: {=IFERROR(INDEX(PQ_Juli!$B$2:$AF$1048,MATCH($C36,PQ_Juli!$A$2:$A$1048,0),MATCH(W$3&"",PQ_Juli!$B$1:$AF$1&"",0)),0)} -> 0 | X36: {=IFERROR(INDEX(PQ_Juli!$B$2:$AF$1048,MATCH($C36,PQ_Juli!$A$2:$A$1048,0),MATCH(X$3&"",PQ_Juli!$B$1:$AF$1&"",0)),0)} -> 1 | Y36: {=IFERROR(INDEX(PQ_Juli!$B$2:$AF$1048,MATCH($C36,PQ_Juli!$A$2:$A$1048,0),MATCH(Y$3&"",PQ_Juli!$B$1:$AF$1&"",0)),0)} -> 0 | AA36: {=IFERROR(INDEX(PQ_Juli!$B$2:$AF$1048,MATCH($C36,PQ_Juli!$A$2:$A$1048,0),MATCH(AA$3&"",PQ_Juli!$B$1:$AF$1&"",0)),0)} -> 2 | AB36: {=IFERROR(INDEX(PQ_Juli!$B$2:$AF$1048,MATCH($C36,PQ_Juli!$A$2:$A$1048,0),MATCH(AB$3&"",PQ_Juli!$B$1:$AF$1&"",0)),0)} -> 0 | AC36: {=IFERROR(INDEX(PQ_Juli!$B$2:$AF$1048,MATCH($C36,PQ_Juli!$A$2:$A$1048,0),MATCH(AC$3&"",PQ_Juli!$B$1:$AF$1&"",0)),0)} -> 2 | AD36: {=IFERROR(INDEX(PQ_Juli!$B$2:$AF$1048,MATCH($C36,PQ_Juli!$A$2:$A$1048,0),MATCH(AD$3&"",PQ_Juli!$B$1:$AF$1&"",0)),0)} -> 0 | AE36: {=IFERROR(INDEX(PQ_Juli!$B$2:$AF$1048,MATCH($C36,PQ_Juli!$A$2:$A$1048,0),MATCH(AE$3&"",PQ_Juli!$B$1:$AF$1&"",0)),0)} -> 1 | AF36: {=IFERROR(INDEX(PQ_Juli!$B$2:$AF$1048,MATCH($C36,PQ_Juli!$A$2:$A$1048,0),MATCH(AF$3&"",PQ_Juli!$B$1:$AF$1&"",0)),0)} -> 0 | AH36: {=IFERROR(INDEX(PQ_Juli!$B$2:$AF$1048,MATCH($C36,PQ_Juli!$A$2:$A$1048,0),MATCH(AH$3&"",PQ_Juli!$B$1:$AF$1&"",0)),0)} -> 1 | AI36: {=IFERROR(INDEX(PQ_Juli!$B$2:$AF$1048,MATCH($C36,PQ_Juli!$A$2:$A$1048,0),MATCH(AI$3&"",PQ_Juli!$B$1:$AF$1&"",0)),0)} -> 0 | AJ36: {=IFERROR(INDEX(PQ_Juli!$B$2:$AF$1048,MATCH($C36,PQ_Juli!$A$2:$A$1048,0),MATCH(AJ$3&"",PQ_Juli!$B$1:$AF$1&"",0)),0)} -> 0 | AK36: {=IFERROR(INDEX(PQ_Juli!$B$2:$AF$1048,MATCH($C36,PQ_Juli!$A$2:$A$1048,0),MATCH(AK$3&"",PQ_Juli!$B$1:$AF$1&"",0)),0)} -> 1 | AL36: {=IFERROR(INDEX(PQ_Juli!$B$2:$AF$1048,MATCH($C36,PQ_Juli!$A$2:$A$1048,0),MATCH(AL$3&"",PQ_Juli!$B$1:$AF$1&"",0)),0)} -> 0 | AM36: 10 | AN36: =SUM(H36:AL36)+AM36 -> 27 | AO36: =(G36-AN36)+AZ36 -> #REF! | AP36: 20 | AQ36: Pcs | AX36: =IFERROR(IF(AV36="",0,$D36*AS36),0) -> 0 | AY36: =IFERROR(IF(AW36="",0,$D36*AU36),0) -> 0 | AZ36: =AX36+AY36 -> 0 | BA36: =(G36-AN36)+AZ36 -> #REF! | BN36: 39
A37: =AO37 -> #REF! | C37: Vidas AMH | D37: 30 | E37: 9 | F37: 12 | G37: =#REF! -> #REF! | H37: {=IFERROR(INDEX(PQ_Juli!$B$2:$AF$1048,MATCH($C37,PQ_Juli!$A$2:$A$1048,0),MATCH(H$3&"",PQ_Juli!$B$1:$AF$1&"",0)),0)} -> 0 | I37: {=IFERROR(INDEX(PQ_Juli!$B$2:$AF$1048,MATCH($C37,PQ_Juli!$A$2:$A$1048,0),MATCH(I$3&"",PQ_Juli!$B$1:$AF$1&"",0)),0)} -> 0 | J37: {=IFERROR(INDEX(PQ_Juli!$B$2:$AF$1048,MATCH($C37,PQ_Juli!$A$2:$A$1048,0),MATCH(J$3&"",PQ_Juli!$B$1:$AF$1&"",0)),0)} -> 1 | K37: {=IFERROR(INDEX(PQ_Juli!$B$2:$AF$1048,MATCH($C37,PQ_Juli!$A$2:$A$1048,0),MATCH(K$3&"",PQ_Juli!$B$1:$AF$1&"",0)),0)} -> 0 | M37: {=IFERROR(INDEX(PQ_Juli!$B$2:$AF$1048,MATCH($C37,PQ_Juli!$A$2:$A$1048,0),MATCH(M$3&"",PQ_Juli!$B$1:$AF$1&"",0)),0)} -> 0 | N37: {=IFERROR(INDEX(PQ_Juli!$B$2:$AF$1048,MATCH($C37,PQ_Juli!$A$2:$A$1048,0),MATCH(N$3&"",PQ_Juli!$B$1:$AF$1&"",0)),0)} -> 0 | O37: {=IFERROR(INDEX(PQ_Juli!$B$2:$AF$1048,MATCH($C37,PQ_Juli!$A$2:$A$1048,0),MATCH(O$3&"",PQ_Juli!$B$1:$AF$1&"",0)),0)} -> 0 | P37: {=IFERROR(INDEX(PQ_Juli!$B$2:$AF$1048,MATCH($C37,PQ_Juli!$A$2:$A$1048,0),MATCH(P$3&"",PQ_Juli!$B$1:$AF$1&"",0)),0)} -> 1 | Q37: {=IFERROR(INDEX(PQ_Juli!$B$2:$AF$1048,MATCH($C37,PQ_Juli!$A$2:$A$1048,0),MATCH(Q$3&"",PQ_Juli!$B$1:$AF$1&"",0)),0)} -> 0 | R37: {=IFERROR(INDEX(PQ_Juli!$B$2:$AF$1048,MATCH($C37,PQ_Juli!$A$2:$A$1048,0),MATCH(R$3&"",PQ_Juli!$B$1:$AF$1&"",0)),0)} -> 1 | T37: {=IFERROR(INDEX(PQ_Juli!$B$2:$AF$1048,MATCH($C37,PQ_Juli!$A$2:$A$1048,0),MATCH(T$3&"",PQ_Juli!$B$1:$AF$1&"",0)),0)} -> 0 | U37: {=IFERROR(INDEX(PQ_Juli!$B$2:$AF$1048,MATCH($C37,PQ_Juli!$A$2:$A$1048,0),MATCH(U$3&"",PQ_Juli!$B$1:$AF$1&"",0)),0)} -> 1 | V37: {=IFERROR(INDEX(PQ_Juli!$B$2:$AF$1048,MATCH($C37,PQ_Juli!$A$2:$A$1048,0),MATCH(V$3&"",PQ_Juli!$B$1:$AF$1&"",0)),0)} -> 0 | W37: {=IFERROR(INDEX(PQ_Juli!$B$2:$AF$1048,MATCH($C37,PQ_Juli!$A$2:$A$1048,0),MATCH(W$3&"",PQ_Juli!$B$1:$AF$1&"",0)),0)} -> 0 | X37: {=IFERROR(INDEX(PQ_Juli!$B$2:$AF$1048,MATCH($C37,PQ_Juli!$A$2:$A$1048,0),MATCH(X$3&"",PQ_Juli!$B$1:$AF$1&"",0)),0)} -> 0 | Y37: {=IFERROR(INDEX(PQ_Juli!$B$2:$AF$1048,MATCH($C37,PQ_Juli!$A$2:$A$1048,0),MATCH(Y$3&"",PQ_Juli!$B$1:$AF$1&"",0)),0)} -> 2 | AA37: {=IFERROR(INDEX(PQ_Juli!$B$2:$AF$1048,MATCH($C37,PQ_Juli!$A$2:$A$1048,0),MATCH(AA$3&"",PQ_Juli!$B$1:$AF$1&"",0)),0)} -> 0 | AB37: {=IFERROR(INDEX(PQ_Juli!$B$2:$AF$1048,MATCH($C37,PQ_Juli!$A$2:$A$1048,0),MATCH(AB$3&"",PQ_Juli!$B$1:$AF$1&"",0)),0)} -> 2 | AC37: {=IFERROR(INDEX(PQ_Juli!$B$2:$AF$1048,MATCH($C37,PQ_Juli!$A$2:$A$1048,0),MATCH(AC$3&"",PQ_Juli!$B$1:$AF$1&"",0)),0)} -> 0 | AD37: {=IFERROR(INDEX(PQ_Juli!$B$2:$AF$1048,MATCH($C37,PQ_Juli!$A$2:$A$1048,0),MATCH(AD$3&"",PQ_Juli!$B$1:$AF$1&"",0)),0)} -> 0 | AE37: {=IFERROR(INDEX(PQ_Juli!$B$2:$AF$1048,MATCH($C37,PQ_Juli!$A$2:$A$1048,0),MATCH(AE$3&"",PQ_Juli!$B$1:$AF$1&"",0)),0)} -> 0 | AF37: {=IFERROR(INDEX(PQ_Juli!$B$2:$AF$1048,MATCH($C37,PQ_Juli!$A$2:$A$1048,0),MATCH(AF$3&"",PQ_Juli!$B$1:$AF$1&"",0)),0)} -> 1 | AH37: {=IFERROR(INDEX(PQ_Juli!$B$2:$AF$1048,MATCH($C37,PQ_Juli!$A$2:$A$1048,0),MATCH(AH$3&"",PQ_Juli!$B$1:$AF$1&"",0)),0)} -> 0 | AI37: {=IFERROR(INDEX(PQ_Juli!$B$2:$AF$1048,MATCH($C37,PQ_Juli!$A$2:$A$1048,0),MATCH(AI$3&"",PQ_Juli!$B$1:$AF$1&"",0)),0)} -> 0 | AJ37: {=IFERROR(INDEX(PQ_Juli!$B$2:$AF$1048,MATCH($C37,PQ_Juli!$A$2:$A$1048,0),MATCH(AJ$3&"",PQ_Juli!$B$1:$AF$1&"",0)),0)} -> 0 | AK37: {=IFERROR(INDEX(PQ_Juli!$B$2:$AF$1048,MATCH($C37,PQ_Juli!$A$2:$A$1048,0),MATCH(AK$3&"",PQ_Juli!$B$1:$AF$1&"",0)),0)} -> 0 | AL37: {=IFERROR(INDEX(PQ_Juli!$B$2:$AF$1048,MATCH($C37,PQ_Juli!$A$2:$A$1048,0),MATCH(AL$3&"",PQ_Juli!$B$1:$AF$1&"",0)),0)} -> 0 | AM37: 4 | AN37: =SUM(H37:AL37)+AM37 -> 13 | AO37: =(G37-AN37)+AZ37 -> #REF! | AP37: 15 | AQ37: Pcs | AX37: =IFERROR(IF(AV37="",0,$D37*AS37),0) -> 0 | AY37: =IFERROR(IF(AW37="",0,$D37*AU37),0) -> 0 | AZ37: =AX37+AY37 -> 0 | BA37: =(G37-AN37)+AZ37 -> #REF! | BN37: 27
A38: =AO38 -> #REF! | C38: Anti HAV Total | D38: 30 | E38: - | F38: - | G38: =#REF! -> #REF! | H38: {=IFERROR(INDEX(PQ_Juli!$B$2:$AF$1048,MATCH($C38,PQ_Juli!$A$2:$A$1048,0),MATCH(H$3&"",PQ_Juli!$B$1:$AF$1&"",0)),0)} -> 0 | I38: {=IFERROR(INDEX(PQ_Juli!$B$2:$AF$1048,MATCH($C38,PQ_Juli!$A$2:$A$1048,0),MATCH(I$3&"",PQ_Juli!$B$1:$AF$1&"",0)),0)} -> 0 | J38: {=IFERROR(INDEX(PQ_Juli!$B$2:$AF$1048,MATCH($C38,PQ_Juli!$A$2:$A$1048,0),MATCH(J$3&"",PQ_Juli!$B$1:$AF$1&"",0)),0)} -> 0 | K38: {=IFERROR(INDEX(PQ_Juli!$B$2:$AF$1048,MATCH($C38,PQ_Juli!$A$2:$A$1048,0),MATCH(K$3&"",PQ_Juli!$B$1:$AF$1&"",0)),0)} -> 0 | M38: {=IFERROR(INDEX(PQ_Juli!$B$2:$AF$1048,MATCH($C38,PQ_Juli!$A$2:$A$1048,0),MATCH(M$3&"",PQ_Juli!$B$1:$AF$1&"",0)),0)} -> 0 | N38: {=IFERROR(INDEX(PQ_Juli!$B$2:$AF$1048,MATCH($C38,PQ_Juli!$A$2:$A$1048,0),MATCH(N$3&"",PQ_Juli!$B$1:$AF$1&"",0)),0)} -> 0 | O38: {=IFERROR(INDEX(PQ_Juli!$B$2:$AF$1048,MATCH($C38,PQ_Juli!$A$2:$A$1048,0),MATCH(O$3&"",PQ_Juli!$B$1:$AF$1&"",0)),0)} -> 1 | P38: {=IFERROR(INDEX(PQ_Juli!$B$2:$AF$1048,MATCH($C38,PQ_Juli!$A$2:$A$1048,0),MATCH(P$3&"",PQ_Juli!$B$1:$AF$1&"",0)),0)} -> 0 | Q38: {=IFERROR(INDEX(PQ_Juli!$B$2:$AF$1048,MATCH($C38,PQ_Juli!$A$2:$A$1048,0),MATCH(Q$3&"",PQ_Juli!$B$1:$AF$1&"",0)),0)} -> 0 | R38: {=IFERROR(INDEX(PQ_Juli!$B$2:$AF$1048,MATCH($C38,PQ_Juli!$A$2:$A$1048,0),MATCH(R$3&"",PQ_Juli!$B$1:$AF$1&"",0)),0)} -> 0 | T38: {=IFERROR(INDEX(PQ_Juli!$B$2:$AF$1048,MATCH($C38,PQ_Juli!$A$2:$A$1048,0),MATCH(T$3&"",PQ_Juli!$B$1:$AF$1&"",0)),0)} -> 1 | U38: {=IFERROR(INDEX(PQ_Juli!$B$2:$AF$1048,MATCH($C38,PQ_Juli!$A$2:$A$1048,0),MATCH(U$3&"",PQ_Juli!$B$1:$AF$1&"",0)),0)} -> 0 | V38: {=IFERROR(INDEX(PQ_Juli!$B$2:$AF$1048,MATCH($C38,PQ_Juli!$A$2:$A$1048,0),MATCH(V$3&"",PQ_Juli!$B$1:$AF$1&"",0)),0)} -> 0 | W38: {=IFERROR(INDEX(PQ_Juli!$B$2:$AF$1048,MATCH($C38,PQ_Juli!$A$2:$A$1048,0),MATCH(W$3&"",PQ_Juli!$B$1:$AF$1&"",0)),0)} -> 0 | X38: {=IFERROR(INDEX(PQ_Juli!$B$2:$AF$1048,MATCH($C38,PQ_Juli!$A$2:$A$1048,0),MATCH(X$3&"",PQ_Juli!$B$1:$AF$1&"",0)),0)} -> 0 | Y38: {=IFERROR(INDEX(PQ_Juli!$B$2:$AF$1048,MATCH($C38,PQ_Juli!$A$2:$A$1048,0),MATCH(Y$3&"",PQ_Juli!$B$1:$AF$1&"",0)),0)} -> 0 | AA38: {=IFERROR(INDEX(PQ_Juli!$B$2:$AF$1048,MATCH($C38,PQ_Juli!$A$2:$A$1048,0),MATCH(AA$3&"",PQ_Juli!$B$1:$AF$1&"",0)),0)} -> 1 | AB38: {=IFERROR(INDEX(PQ_Juli!$B$2:$AF$1048,MATCH($C38,PQ_Juli!$A$2:$A$1048,0),MATCH(AB$3&"",PQ_Juli!$B$1:$AF$1&"",0)),0)} -> 0 | AC38: {=IFERROR(INDEX(PQ_Juli!$B$2:$AF$1048,MATCH($C38,PQ_Juli!$A$2:$A$1048,0),MATCH(AC$3&"",PQ_Juli!$B$1:$AF$1&"",0)),0)} -> 1 | AD38: {=IFERROR(INDEX(PQ_Juli!$B$2:$AF$1048,MATCH($C38,PQ_Juli!$A$2:$A$1048,0),MATCH(AD$3&"",PQ_Juli!$B$1:$AF$1&"",0)),0)} -> 0 | AE38: {=IFERROR(INDEX(PQ_Juli!$B$2:$AF$1048,MATCH($C38,PQ_Juli!$A$2:$A$1048,0),MATCH(AE$3&"",PQ_Juli!$B$1:$AF$1&"",0)),0)} -> 0 | AF38: {=IFERROR(INDEX(PQ_Juli!$B$2:$AF$1048,MATCH($C38,PQ_Juli!$A$2:$A$1048,0),MATCH(AF$3&"",PQ_Juli!$B$1:$AF$1&"",0)),0)} -> 0 | AH38: {=IFERROR(INDEX(PQ_Juli!$B$2:$AF$1048,MATCH($C38,PQ_Juli!$A$2:$A$1048,0),MATCH(AH$3&"",PQ_Juli!$B$1:$AF$1&"",0)),0)} -> 0 | AI38: {=IFERROR(INDEX(PQ_Juli!$B$2:$AF$1048,MATCH($C38,PQ_Juli!$A$2:$A$1048,0),MATCH(AI$3&"",PQ_Juli!$B$1:$AF$1&"",0)),0)} -> 0 | AJ38: {=IFERROR(INDEX(PQ_Juli!$B$2:$AF$1048,MATCH($C38,PQ_Juli!$A$2:$A$1048,0),MATCH(AJ$3&"",PQ_Juli!$B$1:$AF$1&"",0)),0)} -> 1 | AK38: {=IFERROR(INDEX(PQ_Juli!$B$2:$AF$1048,MATCH($C38,PQ_Juli!$A$2:$A$1048,0),MATCH(AK$3&"",PQ_Juli!$B$1:$AF$1&"",0)),0)} -> 0 | AL38: {=IFERROR(INDEX(PQ_Juli!$B$2:$AF$1048,MATCH($C38,PQ_Juli!$A$2:$A$1048,0),MATCH(AL$3&"",PQ_Juli!$B$1:$AF$1&"",0)),0)} -> 0 | AM38: 8 | AN38: =SUM(H38:AL38)+AM38 -> 13 | AO38: =(G38-AN38)+AZ38 -> #REF! | AP38: 15 | AQ38: Pcs | AX38: =IFERROR(IF(AV38="",0,$D38*AS38),0) -> 0 | AY38: =IFERROR(IF(AW38="",0,$D38*AU38),0) -> 0 | AZ38: =AX38+AY38 -> 0 | BA38: =(G38-AN38)+AZ38 -> #REF! | BN38: 50
A39: =AO39 -> 28 | C39: Vidas Cortisol | D39: 30 | E39: - | F39: - | G39: 42 | H39: {=IFERROR(INDEX(PQ_Juli!$B$2:$AF$1048,MATCH($C39,PQ_Juli!$A$2:$A$1048,0),MATCH(H$3&"",PQ_Juli!$B$1:$AF$1&"",0)),0)} -> 0 | I39: {=IFERROR(INDEX(PQ_Juli!$B$2:$AF$1048,MATCH($C39,PQ_Juli!$A$2:$A$1048,0),MATCH(I$3&"",PQ_Juli!$B$1:$AF$1&"",0)),0)} -> 0 | J39: {=IFERROR(INDEX(PQ_Juli!$B$2:$AF$1048,MATCH($C39,PQ_Juli!$A$2:$A$1048,0),MATCH(J$3&"",PQ_Juli!$B$1:$AF$1&"",0)),0)} -> 0 | K39: {=IFERROR(INDEX(PQ_Juli!$B$2:$AF$1048,MATCH($C39,PQ_Juli!$A$2:$A$1048,0),MATCH(K$3&"",PQ_Juli!$B$1:$AF$1&"",0)),0)} -> 0 | M39: {=IFERROR(INDEX(PQ_Juli!$B$2:$AF$1048,MATCH($C39,PQ_Juli!$A$2:$A$1048,0),MATCH(M$3&"",PQ_Juli!$B$1:$AF$1&"",0)),0)} -> 0 | N39: {=IFERROR(INDEX(PQ_Juli!$B$2:$AF$1048,MATCH($C39,PQ_Juli!$A$2:$A$1048,0),MATCH(N$3&"",PQ_Juli!$B$1:$AF$1&"",0)),0)} -> 0 | O39: {=IFERROR(INDEX(PQ_Juli!$B$2:$AF$1048,MATCH($C39,PQ_Juli!$A$2:$A$1048,0),MATCH(O$3&"",PQ_Juli!$B$1:$AF$1&"",0)),0)} -> 0 | P39: {=IFERROR(INDEX(PQ_Juli!$B$2:$AF$1048,MATCH($C39,PQ_Juli!$A$2:$A$1048,0),MATCH(P$3&"",PQ_Juli!$B$1:$AF$1&"",0)),0)} -> 0 | Q39: {=IFERROR(INDEX(PQ_Juli!$B$2:$AF$1048,MATCH($C39,PQ_Juli!$A$2:$A$1048,0),MATCH(Q$3&"",PQ_Juli!$B$1:$AF$1&"",0)),0)} -> 0 | R39: {=IFERROR(INDEX(PQ_Juli!$B$2:$AF$1048,MATCH($C39,PQ_Juli!$A$2:$A$1048,0),MATCH(R$3&"",PQ_Juli!$B$1:$AF$1&"",0)),0)} -> 0 | T39: {=IFERROR(INDEX(PQ_Juli!$B$2:$AF$1048,MATCH($C39,PQ_Juli!$A$2:$A$1048,0),MATCH(T$3&"",PQ_Juli!$B$1:$AF$1&"",0)),0)} -> 1 | U39: {=IFERROR(INDEX(PQ_Juli!$B$2:$AF$1048,MATCH($C39,PQ_Juli!$A$2:$A$1048,0),MATCH(U$3&"",PQ_Juli!$B$1:$AF$1&"",0)),0)} -> 0 | V39: {=IFERROR(INDEX(PQ_Juli!$B$2:$AF$1048,MATCH($C39,PQ_Juli!$A$2:$A$1048,0),MATCH(V$3&"",PQ_Juli!$B$1:$AF$1&"",0)),0)} -> 2 | W39: {=IFERROR(INDEX(PQ_Juli!$B$2:$AF$1048,MATCH($C39,PQ_Juli!$A$2:$A$1048,0),MATCH(W$3&"",PQ_Juli!$B$1:$AF$1&"",0)),0)} -> 0 | X39: {=IFERROR(INDEX(PQ_Juli!$B$2:$AF$1048,MATCH($C39,PQ_Juli!$A$2:$A$1048,0),MATCH(X$3&"",PQ_Juli!$B$1:$AF$1&"",0)),0)} -> 0 | Y39: {=IFERROR(INDEX(PQ_Juli!$B$2:$AF$1048,MATCH($C39,PQ_Juli!$A$2:$A$1048,0),MATCH(Y$3&"",PQ_Juli!$B$1:$AF$1&"",0)),0)} -> 0 | AA39: {=IFERROR(INDEX(PQ_Juli!$B$2:$AF$1048,MATCH($C39,PQ_Juli!$A$2:$A$1048,0),MATCH(AA$3&"",PQ_Juli!$B$1:$AF$1&"",0)),0)} -> 1 | AB39: {=IFERROR(INDEX(PQ_Juli!$B$2:$AF$1048,MATCH($C39,PQ_Juli!$A$2:$A$1048,0),MATCH(AB$3&"",PQ_Juli!$B$1:$AF$1&"",0)),0)} -> 0 | AC39: {=IFERROR(INDEX(PQ_Juli!$B$2:$AF$1048,MATCH($C39,PQ_Juli!$A$2:$A$1048,0),MATCH(AC$3&"",PQ_Juli!$B$1:$AF$1&"",0)),0)} -> 1 | AD39: {=IFERROR(INDEX(PQ_Juli!$B$2:$AF$1048,MATCH($C39,PQ_Juli!$A$2:$A$1048,0),MATCH(AD$3&"",PQ_Juli!$B$1:$AF$1&"",0)),0)} -> 0 | AE39: {=IFERROR(INDEX(PQ_Juli!$B$2:$AF$1048,MATCH($C39,PQ_Juli!$A$2:$A$1048,0),MATCH(AE$3&"",PQ_Juli!$B$1:$AF$1&"",0)),0)} -> 1 | AF39: {=IFERROR(INDEX(PQ_Juli!$B$2:$AF$1048,MATCH($C39,PQ_Juli!$A$2:$A$1048,0),MATCH(AF$3&"",PQ_Juli!$B$1:$AF$1&"",0)),0)} -> 0 | AH39: {=IFERROR(INDEX(PQ_Juli!$B$2:$AF$1048,MATCH($C39,PQ_Juli!$A$2:$A$1048,0),MATCH(AH$3&"",PQ_Juli!$B$1:$AF$1&"",0)),0)} -> 0 | AI39: {=IFERROR(INDEX(PQ_Juli!$B$2:$AF$1048,MATCH($C39,PQ_Juli!$A$2:$A$1048,0),MATCH(AI$3&"",PQ_Juli!$B$1:$AF$1&"",0)),0)} -> 0 | AJ39: {=IFERROR(INDEX(PQ_Juli!$B$2:$AF$1048,MATCH($C39,PQ_Juli!$A$2:$A$1048,0),MATCH(AJ$3&"",PQ_Juli!$B$1:$AF$1&"",0)),0)} -> 0 | AK39: {=IFERROR(INDEX(PQ_Juli!$B$2:$AF$1048,MATCH($C39,PQ_Juli!$A$2:$A$1048,0),MATCH(AK$3&"",PQ_Juli!$B$1:$AF$1&"",0)),0)} -> 0 | AL39: {=IFERROR(INDEX(PQ_Juli!$B$2:$AF$1048,MATCH($C39,PQ_Juli!$A$2:$A$1048,0),MATCH(AL$3&"",PQ_Juli!$B$1:$AF$1&"",0)),0)} -> 0 | AM39: 8 | AN39: =SUM(H39:AL39)+AM39 -> 14 | AO39: =(G39-AN39)+AZ39 -> 28 | AP39: 15 | AQ39: Pcs | AX39: =IFERROR(IF(AV39="",0,$D39*AS39),0) -> 0 | AY39: =IFERROR(IF(AW39="",0,$D39*AU39),0) -> 0 | AZ39: =AX39+AY39 -> 0 | BA39: =(G39-AN39)+AZ39 -> 28 | BN39: 69
C40: Euroimmun IgE Atopi | D40: 16 | G40: 21 | H40: {=IFERROR(INDEX(PQ_Juli!$B$2:$AF$1048,MATCH($C40,PQ_Juli!$A$2:$A$1048,0),MATCH(H$3&"",PQ_Juli!$B$1:$AF$1&"",0)),0)} -> 1 | I40: {=IFERROR(INDEX(PQ_Juli!$B$2:$AF$1048,MATCH($C40,PQ_Juli!$A$2:$A$1048,0),MATCH(I$3&"",PQ_Juli!$B$1:$AF$1&"",0)),0)} -> 1 | J40: {=IFERROR(INDEX(PQ_Juli!$B$2:$AF$1048,MATCH($C40,PQ_Juli!$A$2:$A$1048,0),MATCH(J$3&"",PQ_Juli!$B$1:$AF$1&"",0)),0)} -> 0 | K40: {=IFERROR(INDEX(PQ_Juli!$B$2:$AF$1048,MATCH($C40,PQ_Juli!$A$2:$A$1048,0),MATCH(K$3&"",PQ_Juli!$B$1:$AF$1&"",0)),0)} -> 1 | M40: {=IFERROR(INDEX(PQ_Juli!$B$2:$AF$1048,MATCH($C40,PQ_Juli!$A$2:$A$1048,0),MATCH(M$3&"",PQ_Juli!$B$1:$AF$1&"",0)),0)} -> 0 | N40: {=IFERROR(INDEX(PQ_Juli!$B$2:$AF$1048,MATCH($C40,PQ_Juli!$A$2:$A$1048,0),MATCH(N$3&"",PQ_Juli!$B$1:$AF$1&"",0)),0)} -> 1 | O40: {=IFERROR(INDEX(PQ_Juli!$B$2:$AF$1048,MATCH($C40,PQ_Juli!$A$2:$A$1048,0),MATCH(O$3&"",PQ_Juli!$B$1:$AF$1&"",0)),0)} -> 1 | P40: {=IFERROR(INDEX(PQ_Juli!$B$2:$AF$1048,MATCH($C40,PQ_Juli!$A$2:$A$1048,0),MATCH(P$3&"",PQ_Juli!$B$1:$AF$1&"",0)),0)} -> 1 | Q40: {=IFERROR(INDEX(PQ_Juli!$B$2:$AF$1048,MATCH($C40,PQ_Juli!$A$2:$A$1048,0),MATCH(Q$3&"",PQ_Juli!$B$1:$AF$1&"",0)),0)} -> 0 | R40: {=IFERROR(INDEX(PQ_Juli!$B$2:$AF$1048,MATCH($C40,PQ_Juli!$A$2:$A$1048,0),MATCH(R$3&"",PQ_Juli!$B$1:$AF$1&"",0)),0)} -> 0 | T40: {=IFERROR(INDEX(PQ_Juli!$B$2:$AF$1048,MATCH($C40,PQ_Juli!$A$2:$A$1048,0),MATCH(T$3&"",PQ_Juli!$B$1:$AF$1&"",0)),0)} -> 1 | U40: {=IFERROR(INDEX(PQ_Juli!$B$2:$AF$1048,MATCH($C40,PQ_Juli!$A$2:$A$1048,0),MATCH(U$3&"",PQ_Juli!$B$1:$AF$1&"",0)),0)} -> 1 | V40: {=IFERROR(INDEX(PQ_Juli!$B$2:$AF$1048,MATCH($C40,PQ_Juli!$A$2:$A$1048,0),MATCH(V$3&"",PQ_Juli!$B$1:$AF$1&"",0)),0)} -> 0 | W40: {=IFERROR(INDEX(PQ_Juli!$B$2:$AF$1048,MATCH($C40,PQ_Juli!$A$2:$A$1048,0),MATCH(W$3&"",PQ_Juli!$B$1:$AF$1&"",0)),0)} -> 0 | X40: {=IFERROR(INDEX(PQ_Juli!$B$2:$AF$1048,MATCH($C40,PQ_Juli!$A$2:$A$1048,0),MATCH(X$3&"",PQ_Juli!$B$1:$AF$1&"",0)),0)} -> 0 | Y40: {=IFERROR(INDEX(PQ_Juli!$B$2:$AF$1048,MATCH($C40,PQ_Juli!$A$2:$A$1048,0),MATCH(Y$3&"",PQ_Juli!$B$1:$AF$1&"",0)),0)} -> 1 | AA40: {=IFERROR(INDEX(PQ_Juli!$B$2:$AF$1048,MATCH($C40,PQ_Juli!$A$2:$A$1048,0),MATCH(AA$3&"",PQ_Juli!$B$1:$AF$1&"",0)),0)} -> 0 | AB40: {=IFERROR(INDEX(PQ_Juli!$B$2:$AF$1048,MATCH($C40,PQ_Juli!$A$2:$A$1048,0),MATCH(AB$3&"",PQ_Juli!$B$1:$AF$1&"",0)),0)} -> 1 | AC40: {=IFERROR(INDEX(PQ_Juli!$B$2:$AF$1048,MATCH($C40,PQ_Juli!$A$2:$A$1048,0),MATCH(AC$3&"",PQ_Juli!$B$1:$AF$1&"",0)),0)} -> 1 | AD40: {=IFERROR(INDEX(PQ_Juli!$B$2:$AF$1048,MATCH($C40,PQ_Juli!$A$2:$A$1048,0),MATCH(AD$3&"",PQ_Juli!$B$1:$AF$1&"",0)),0)} -> 1 | AE40: {=IFERROR(INDEX(PQ_Juli!$B$2:$AF$1048,MATCH($C40,PQ_Juli!$A$2:$A$1048,0),MATCH(AE$3&"",PQ_Juli!$B$1:$AF$1&"",0)),0)} -> 1 | AF40: {=IFERROR(INDEX(PQ_Juli!$B$2:$AF$1048,MATCH($C40,PQ_Juli!$A$2:$A$1048,0),MATCH(AF$3&"",PQ_Juli!$B$1:$AF$1&"",0)),0)} -> 1 | AH40: {=IFERROR(INDEX(PQ_Juli!$B$2:$AF$1048,MATCH($C40,PQ_Juli!$A$2:$A$1048,0),MATCH(AH$3&"",PQ_Juli!$B$1:$AF$1&"",0)),0)} -> 0 | AI40: {=IFERROR(INDEX(PQ_Juli!$B$2:$AF$1048,MATCH($C40,PQ_Juli!$A$2:$A$1048,0),MATCH(AI$3&"",PQ_Juli!$B$1:$AF$1&"",0)),0)} -> 1 | AJ40: {=IFERROR(INDEX(PQ_Juli!$B$2:$AF$1048,MATCH($C40,PQ_Juli!$A$2:$A$1048,0),MATCH(AJ$3&"",PQ_Juli!$B$1:$AF$1&"",0)),0)} -> 0 | AK40: {=IFERROR(INDEX(PQ_Juli!$B$2:$AF$1048,MATCH($C40,PQ_Juli!$A$2:$A$1048,0),MATCH(AK$3&"",PQ_Juli!$B$1:$AF$1&"",0)),0)} -> 0 | AL40: {=IFERROR(INDEX(PQ_Juli!$B$2:$AF$1048,MATCH($C40,PQ_Juli!$A$2:$A$1048,0),MATCH(AL$3&"",PQ_Juli!$B$1:$AF$1&"",0)),0)} -> 0 | AN40: =SUM(H40:AL40)+AM40 -> 15 | AO40: =(G40-AN40)+AZ40 -> 22 | AP40: 16 | AQ40: Pcs | AR40: 46210 | AS40: 1 | AV40: 46217 | AX40: =IFERROR(IF(AV40="",0,$D40*AS40),0) -> 16 | AY40: =IFERROR(IF(AW40="",0,$D40*AU40),0) -> 0 | AZ40: =AX40+AY40 -> 16 | BA40: =(G40-AN40)+AZ40 -> 22
C41: Euroimmun IgE Inhalasi | D41: 16 | G41: =#REF! -> #REF! | H41: {=IFERROR(INDEX(PQ_Juli!$B$2:$AF$1048,MATCH($C41,PQ_Juli!$A$2:$A$1048,0),MATCH(H$3&"",PQ_Juli!$B$1:$AF$1&"",0)),0)} -> 0 | I41: {=IFERROR(INDEX(PQ_Juli!$B$2:$AF$1048,MATCH($C41,PQ_Juli!$A$2:$A$1048,0),MATCH(I$3&"",PQ_Juli!$B$1:$AF$1&"",0)),0)} -> 0 | J41: {=IFERROR(INDEX(PQ_Juli!$B$2:$AF$1048,MATCH($C41,PQ_Juli!$A$2:$A$1048,0),MATCH(J$3&"",PQ_Juli!$B$1:$AF$1&"",0)),0)} -> 0 | K41: {=IFERROR(INDEX(PQ_Juli!$B$2:$AF$1048,MATCH($C41,PQ_Juli!$A$2:$A$1048,0),MATCH(K$3&"",PQ_Juli!$B$1:$AF$1&"",0)),0)} -> 0 | M41: {=IFERROR(INDEX(PQ_Juli!$B$2:$AF$1048,MATCH($C41,PQ_Juli!$A$2:$A$1048,0),MATCH(M$3&"",PQ_Juli!$B$1:$AF$1&"",0)),0)} -> 2 | N41: {=IFERROR(INDEX(PQ_Juli!$B$2:$AF$1048,MATCH($C41,PQ_Juli!$A$2:$A$1048,0),MATCH(N$3&"",PQ_Juli!$B$1:$AF$1&"",0)),0)} -> 0 | O41: {=IFERROR(INDEX(PQ_Juli!$B$2:$AF$1048,MATCH($C41,PQ_Juli!$A$2:$A$1048,0),MATCH(O$3&"",PQ_Juli!$B$1:$AF$1&"",0)),0)} -> 0 | P41: {=IFERROR(INDEX(PQ_Juli!$B$2:$AF$1048,MATCH($C41,PQ_Juli!$A$2:$A$1048,0),MATCH(P$3&"",PQ_Juli!$B$1:$AF$1&"",0)),0)} -> 1 | Q41: {=IFERROR(INDEX(PQ_Juli!$B$2:$AF$1048,MATCH($C41,PQ_Juli!$A$2:$A$1048,0),MATCH(Q$3&"",PQ_Juli!$B$1:$AF$1&"",0)),0)} -> 0 | R41: {=IFERROR(INDEX(PQ_Juli!$B$2:$AF$1048,MATCH($C41,PQ_Juli!$A$2:$A$1048,0),MATCH(R$3&"",PQ_Juli!$B$1:$AF$1&"",0)),0)} -> 0 | T41: {=IFERROR(INDEX(PQ_Juli!$B$2:$AF$1048,MATCH($C41,PQ_Juli!$A$2:$A$1048,0),MATCH(T$3&"",PQ_Juli!$B$1:$AF$1&"",0)),0)} -> 0 | U41: {=IFERROR(INDEX(PQ_Juli!$B$2:$AF$1048,MATCH($C41,PQ_Juli!$A$2:$A$1048,0),MATCH(U$3&"",PQ_Juli!$B$1:$AF$1&"",0)),0)} -> 1 | V41: {=IFERROR(INDEX(PQ_Juli!$B$2:$AF$1048,MATCH($C41,PQ_Juli!$A$2:$A$1048,0),MATCH(V$3&"",PQ_Juli!$B$1:$AF$1&"",0)),0)} -> 0 | W41: {=IFERROR(INDEX(PQ_Juli!$B$2:$AF$1048,MATCH($C41,PQ_Juli!$A$2:$A$1048,0),MATCH(W$3&"",PQ_Juli!$B$1:$AF$1&"",0)),0)} -> 0 | X41: {=IFERROR(INDEX(PQ_Juli!$B$2:$AF$1048,MATCH($C41,PQ_Juli!$A$2:$A$1048,0),MATCH(X$3&"",PQ_Juli!$B$1:$AF$1&"",0)),0)} -> 0 | Y41: {=IFERROR(INDEX(PQ_Juli!$B$2:$AF$1048,MATCH($C41,PQ_Juli!$A$2:$A$1048,0),MATCH(Y$3&"",PQ_Juli!$B$1:$AF$1&"",0)),0)} -> 0 | AA41: {=IFERROR(INDEX(PQ_Juli!$B$2:$AF$1048,MATCH($C41,PQ_Juli!$A$2:$A$1048,0),MATCH(AA$3&"",PQ_Juli!$B$1:$AF$1&"",0)),0)} -> 0 | AB41: {=IFERROR(INDEX(PQ_Juli!$B$2:$AF$1048,MATCH($C41,PQ_Juli!$A$2:$A$1048,0),MATCH(AB$3&"",PQ_Juli!$B$1:$AF$1&"",0)),0)} -> 0 | AC41: {=IFERROR(INDEX(PQ_Juli!$B$2:$AF$1048,MATCH($C41,PQ_Juli!$A$2:$A$1048,0),MATCH(AC$3&"",PQ_Juli!$B$1:$AF$1&"",0)),0)} -> 0 | AD41: {=IFERROR(INDEX(PQ_Juli!$B$2:$AF$1048,MATCH($C41,PQ_Juli!$A$2:$A$1048,0),MATCH(AD$3&"",PQ_Juli!$B$1:$AF$1&"",0)),0)} -> 0 | AE41: {=IFERROR(INDEX(PQ_Juli!$B$2:$AF$1048,MATCH($C41,PQ_Juli!$A$2:$A$1048,0),MATCH(AE$3&"",PQ_Juli!$B$1:$AF$1&"",0)),0)} -> 1 | AF41: {=IFERROR(INDEX(PQ_Juli!$B$2:$AF$1048,MATCH($C41,PQ_Juli!$A$2:$A$1048,0),MATCH(AF$3&"",PQ_Juli!$B$1:$AF$1&"",0)),0)} -> 1 | AH41: {=IFERROR(INDEX(PQ_Juli!$B$2:$AF$1048,MATCH($C41,PQ_Juli!$A$2:$A$1048,0),MATCH(AH$3&"",PQ_Juli!$B$1:$AF$1&"",0)),0)} -> 1 | AI41: {=IFERROR(INDEX(PQ_Juli!$B$2:$AF$1048,MATCH($C41,PQ_Juli!$A$2:$A$1048,0),MATCH(AI$3&"",PQ_Juli!$B$1:$AF$1&"",0)),0)} -> 0 | AJ41: {=IFERROR(INDEX(PQ_Juli!$B$2:$AF$1048,MATCH($C41,PQ_Juli!$A$2:$A$1048,0),MATCH(AJ$3&"",PQ_Juli!$B$1:$AF$1&"",0)),0)} -> 1 | AK41: {=IFERROR(INDEX(PQ_Juli!$B$2:$AF$1048,MATCH($C41,PQ_Juli!$A$2:$A$1048,0),MATCH(AK$3&"",PQ_Juli!$B$1:$AF$1&"",0)),0)} -> 0 | AL41: {=IFERROR(INDEX(PQ_Juli!$B$2:$AF$1048,MATCH($C41,PQ_Juli!$A$2:$A$1048,0),MATCH(AL$3&"",PQ_Juli!$B$1:$AF$1&"",0)),0)} -> 0 | AN41: =SUM(H41:AL41)+AM41 -> 8 | AO41: =(G41-AN41)+AZ41 -> #REF! | AP41: 10 | AQ41: Pcs | AR41: 46219 | AS41: 1 | AX41: =IFERROR(IF(AV41="",0,$D41*AS41),0) -> 0 | AY41: =IFERROR(IF(AW41="",0,$D41*AU41),0) -> 0 | AZ41: =AX41+AY41 -> 0 | BA41: =(G41-AN41)+AZ41 -> #REF!
C42: Euroimmun IgE Makanan Asia | D42: 16 | G42: =#REF! -> #REF! | H42: {=IFERROR(INDEX(PQ_Juli!$B$2:$AF$1048,MATCH($C42,PQ_Juli!$A$2:$A$1048,0),MATCH(H$3&"",PQ_Juli!$B$1:$AF$1&"",0)),0)} -> 0 | I42: {=IFERROR(INDEX(PQ_Juli!$B$2:$AF$1048,MATCH($C42,PQ_Juli!$A$2:$A$1048,0),MATCH(I$3&"",PQ_Juli!$B$1:$AF$1&"",0)),0)} -> 0 | J42: {=IFERROR(INDEX(PQ_Juli!$B$2:$AF$1048,MATCH($C42,PQ_Juli!$A$2:$A$1048,0),MATCH(J$3&"",PQ_Juli!$B$1:$AF$1&"",0)),0)} -> 0 | K42: {=IFERROR(INDEX(PQ_Juli!$B$2:$AF$1048,MATCH($C42,PQ_Juli!$A$2:$A$1048,0),MATCH(K$3&"",PQ_Juli!$B$1:$AF$1&"",0)),0)} -> 0 | M42: {=IFERROR(INDEX(PQ_Juli!$B$2:$AF$1048,MATCH($C42,PQ_Juli!$A$2:$A$1048,0),MATCH(M$3&"",PQ_Juli!$B$1:$AF$1&"",0)),0)} -> 0 | N42: {=IFERROR(INDEX(PQ_Juli!$B$2:$AF$1048,MATCH($C42,PQ_Juli!$A$2:$A$1048,0),MATCH(N$3&"",PQ_Juli!$B$1:$AF$1&"",0)),0)} -> 0 | O42: {=IFERROR(INDEX(PQ_Juli!$B$2:$AF$1048,MATCH($C42,PQ_Juli!$A$2:$A$1048,0),MATCH(O$3&"",PQ_Juli!$B$1:$AF$1&"",0)),0)} -> 0 | P42: {=IFERROR(INDEX(PQ_Juli!$B$2:$AF$1048,MATCH($C42,PQ_Juli!$A$2:$A$1048,0),MATCH(P$3&"",PQ_Juli!$B$1:$AF$1&"",0)),0)} -> 0 | Q42: {=IFERROR(INDEX(PQ_Juli!$B$2:$AF$1048,MATCH($C42,PQ_Juli!$A$2:$A$1048,0),MATCH(Q$3&"",PQ_Juli!$B$1:$AF$1&"",0)),0)} -> 1 | R42: {=IFERROR(INDEX(PQ_Juli!$B$2:$AF$1048,MATCH($C42,PQ_Juli!$A$2:$A$1048,0),MATCH(R$3&"",PQ_Juli!$B$1:$AF$1&"",0)),0)} -> 1 | T42: {=IFERROR(INDEX(PQ_Juli!$B$2:$AF$1048,MATCH($C42,PQ_Juli!$A$2:$A$1048,0),MATCH(T$3&"",PQ_Juli!$B$1:$AF$1&"",0)),0)} -> 0 | U42: {=IFERROR(INDEX(PQ_Juli!$B$2:$AF$1048,MATCH($C42,PQ_Juli!$A$2:$A$1048,0),MATCH(U$3&"",PQ_Juli!$B$1:$AF$1&"",0)),0)} -> 0 | V42: {=IFERROR(INDEX(PQ_Juli!$B$2:$AF$1048,MATCH($C42,PQ_Juli!$A$2:$A$1048,0),MATCH(V$3&"",PQ_Juli!$B$1:$AF$1&"",0)),0)} -> 0 | W42: {=IFERROR(INDEX(PQ_Juli!$B$2:$AF$1048,MATCH($C42,PQ_Juli!$A$2:$A$1048,0),MATCH(W$3&"",PQ_Juli!$B$1:$AF$1&"",0)),0)} -> 0 | X42: {=IFERROR(INDEX(PQ_Juli!$B$2:$AF$1048,MATCH($C42,PQ_Juli!$A$2:$A$1048,0),MATCH(X$3&"",PQ_Juli!$B$1:$AF$1&"",0)),0)} -> 1 | Y42: {=IFERROR(INDEX(PQ_Juli!$B$2:$AF$1048,MATCH($C42,PQ_Juli!$A$2:$A$1048,0),MATCH(Y$3&"",PQ_Juli!$B$1:$AF$1&"",0)),0)} -> 0 | AA42: {=IFERROR(INDEX(PQ_Juli!$B$2:$AF$1048,MATCH($C42,PQ_Juli!$A$2:$A$1048,0),MATCH(AA$3&"",PQ_Juli!$B$1:$AF$1&"",0)),0)} -> 0 | AB42: {=IFERROR(INDEX(PQ_Juli!$B$2:$AF$1048,MATCH($C42,PQ_Juli!$A$2:$A$1048,0),MATCH(AB$3&"",PQ_Juli!$B$1:$AF$1&"",0)),0)} -> 0 | AC42: {=IFERROR(INDEX(PQ_Juli!$B$2:$AF$1048,MATCH($C42,PQ_Juli!$A$2:$A$1048,0),MATCH(AC$3&"",PQ_Juli!$B$1:$AF$1&"",0)),0)} -> 0 | AD42: {=IFERROR(INDEX(PQ_Juli!$B$2:$AF$1048,MATCH($C42,PQ_Juli!$A$2:$A$1048,0),MATCH(AD$3&"",PQ_Juli!$B$1:$AF$1&"",0)),0)} -> 0 | AE42: {=IFERROR(INDEX(PQ_Juli!$B$2:$AF$1048,MATCH($C42,PQ_Juli!$A$2:$A$1048,0),MATCH(AE$3&"",PQ_Juli!$B$1:$AF$1&"",0)),0)} -> 0 | AF42: {=IFERROR(INDEX(PQ_Juli!$B$2:$AF$1048,MATCH($C42,PQ_Juli!$A$2:$A$1048,0),MATCH(AF$3&"",PQ_Juli!$B$1:$AF$1&"",0)),0)} -> 0 | AH42: {=IFERROR(INDEX(PQ_Juli!$B$2:$AF$1048,MATCH($C42,PQ_Juli!$A$2:$A$1048,0),MATCH(AH$3&"",PQ_Juli!$B$1:$AF$1&"",0)),0)} -> 0 | AI42: {=IFERROR(INDEX(PQ_Juli!$B$2:$AF$1048,MATCH($C42,PQ_Juli!$A$2:$A$1048,0),MATCH(AI$3&"",PQ_Juli!$B$1:$AF$1&"",0)),0)} -> 0 | AJ42: {=IFERROR(INDEX(PQ_Juli!$B$2:$AF$1048,MATCH($C42,PQ_Juli!$A$2:$A$1048,0),MATCH(AJ$3&"",PQ_Juli!$B$1:$AF$1&"",0)),0)} -> 0 | AK42: {=IFERROR(INDEX(PQ_Juli!$B$2:$AF$1048,MATCH($C42,PQ_Juli!$A$2:$A$1048,0),MATCH(AK$3&"",PQ_Juli!$B$1:$AF$1&"",0)),0)} -> 0 | AL42: {=IFERROR(INDEX(PQ_Juli!$B$2:$AF$1048,MATCH($C42,PQ_Juli!$A$2:$A$1048,0),MATCH(AL$3&"",PQ_Juli!$B$1:$AF$1&"",0)),0)} -> 0 | AN42: =SUM(H42:AL42)+AM42 -> 3 | AO42: =(G42-AN42)+AZ42 -> #REF! | AP42: 10 | AQ42: Pcs | AX42: =IFERROR(IF(AV42="",0,$D42*AS42),0) -> 0 | AY42: =IFERROR(IF(AW42="",0,$D42*AU42),0) -> 0 | AZ42: =AX42+AY42 -> 0 | BA42: =(G42-AN42)+AZ42 -> #REF!
C43: Euroimmun ANA Profile | D43: 16 | G43: 17 | H43: {=IFERROR(INDEX(PQ_Juli!$B$2:$AF$1048,MATCH($C43,PQ_Juli!$A$2:$A$1048,0),MATCH(H$3&"",PQ_Juli!$B$1:$AF$1&"",0)),0)} -> 2 | I43: {=IFERROR(INDEX(PQ_Juli!$B$2:$AF$1048,MATCH($C43,PQ_Juli!$A$2:$A$1048,0),MATCH(I$3&"",PQ_Juli!$B$1:$AF$1&"",0)),0)} -> 3 | J43: {=IFERROR(INDEX(PQ_Juli!$B$2:$AF$1048,MATCH($C43,PQ_Juli!$A$2:$A$1048,0),MATCH(J$3&"",PQ_Juli!$B$1:$AF$1&"",0)),0)} -> 1 | K43: {=IFERROR(INDEX(PQ_Juli!$B$2:$AF$1048,MATCH($C43,PQ_Juli!$A$2:$A$1048,0),MATCH(K$3&"",PQ_Juli!$B$1:$AF$1&"",0)),0)} -> 0 | M43: {=IFERROR(INDEX(PQ_Juli!$B$2:$AF$1048,MATCH($C43,PQ_Juli!$A$2:$A$1048,0),MATCH(M$3&"",PQ_Juli!$B$1:$AF$1&"",0)),0)} -> 0 | N43: {=IFERROR(INDEX(PQ_Juli!$B$2:$AF$1048,MATCH($C43,PQ_Juli!$A$2:$A$1048,0),MATCH(N$3&"",PQ_Juli!$B$1:$AF$1&"",0)),0)} -> 0 | O43: {=IFERROR(INDEX(PQ_Juli!$B$2:$AF$1048,MATCH($C43,PQ_Juli!$A$2:$A$1048,0),MATCH(O$3&"",PQ_Juli!$B$1:$AF$1&"",0)),0)} -> 0 | P43: {=IFERROR(INDEX(PQ_Juli!$B$2:$AF$1048,MATCH($C43,PQ_Juli!$A$2:$A$1048,0),MATCH(P$3&"",PQ_Juli!$B$1:$AF$1&"",0)),0)} -> 0 | Q43: {=IFERROR(INDEX(PQ_Juli!$B$2:$AF$1048,MATCH($C43,PQ_Juli!$A$2:$A$1048,0),MATCH(Q$3&"",PQ_Juli!$B$1:$AF$1&"",0)),0)} -> 2 | R43: {=IFERROR(INDEX(PQ_Juli!$B$2:$AF$1048,MATCH($C43,PQ_Juli!$A$2:$A$1048,0),MATCH(R$3&"",PQ_Juli!$B$1:$AF$1&"",0)),0)} -> 1 | T43: {=IFERROR(INDEX(PQ_Juli!$B$2:$AF$1048,MATCH($C43,PQ_Juli!$A$2:$A$1048,0),MATCH(T$3&"",PQ_Juli!$B$1:$AF$1&"",0)),0)} -> 0 | U43: {=IFERROR(INDEX(PQ_Juli!$B$2:$AF$1048,MATCH($C43,PQ_Juli!$A$2:$A$1048,0),MATCH(U$3&"",PQ_Juli!$B$1:$AF$1&"",0)),0)} -> 0 | V43: {=IFERROR(INDEX(PQ_Juli!$B$2:$AF$1048,MATCH($C43,PQ_Juli!$A$2:$A$1048,0),MATCH(V$3&"",PQ_Juli!$B$1:$AF$1&"",0)),0)} -> 0 | W43: {=IFERROR(INDEX(PQ_Juli!$B$2:$AF$1048,MATCH($C43,PQ_Juli!$A$2:$A$1048,0),MATCH(W$3&"",PQ_Juli!$B$1:$AF$1&"",0)),0)} -> 1 | X43: {=IFERROR(INDEX(PQ_Juli!$B$2:$AF$1048,MATCH($C43,PQ_Juli!$A$2:$A$1048,0),MATCH(X$3&"",PQ_Juli!$B$1:$AF$1&"",0)),0)} -> 0 | Y43: {=IFERROR(INDEX(PQ_Juli!$B$2:$AF$1048,MATCH($C43,PQ_Juli!$A$2:$A$1048,0),MATCH(Y$3&"",PQ_Juli!$B$1:$AF$1&"",0)),0)} -> 0 | AA43: {=IFERROR(INDEX(PQ_Juli!$B$2:$AF$1048,MATCH($C43,PQ_Juli!$A$2:$A$1048,0),MATCH(AA$3&"",PQ_Juli!$B$1:$AF$1&"",0)),0)} -> 1 | AB43: {=IFERROR(INDEX(PQ_Juli!$B$2:$AF$1048,MATCH($C43,PQ_Juli!$A$2:$A$1048,0),MATCH(AB$3&"",PQ_Juli!$B$1:$AF$1&"",0)),0)} -> 0 | AC43: {=IFERROR(INDEX(PQ_Juli!$B$2:$AF$1048,MATCH($C43,PQ_Juli!$A$2:$A$1048,0),MATCH(AC$3&"",PQ_Juli!$B$1:$AF$1&"",0)),0)} -> 3 | AD43: {=IFERROR(INDEX(PQ_Juli!$B$2:$AF$1048,MATCH($C43,PQ_Juli!$A$2:$A$1048,0),MATCH(AD$3&"",PQ_Juli!$B$1:$AF$1&"",0)),0)} -> 2 | AE43: {=IFERROR(INDEX(PQ_Juli!$B$2:$AF$1048,MATCH($C43,PQ_Juli!$A$2:$A$1048,0),MATCH(AE$3&"",PQ_Juli!$B$1:$AF$1&"",0)),0)} -> 0 | AF43: {=IFERROR(INDEX(PQ_Juli!$B$2:$AF$1048,MATCH($C43,PQ_Juli!$A$2:$A$1048,0),MATCH(AF$3&"",PQ_Juli!$B$1:$AF$1&"",0)),0)} -> 1 | AH43: {=IFERROR(INDEX(PQ_Juli!$B$2:$AF$1048,MATCH($C43,PQ_Juli!$A$2:$A$1048,0),MATCH(AH$3&"",PQ_Juli!$B$1:$AF$1&"",0)),0)} -> 1 | AI43: {=IFERROR(INDEX(PQ_Juli!$B$2:$AF$1048,MATCH($C43,PQ_Juli!$A$2:$A$1048,0),MATCH(AI$3&"",PQ_Juli!$B$1:$AF$1&"",0)),0)} -> 1 | AJ43: {=IFERROR(INDEX(PQ_Juli!$B$2:$AF$1048,MATCH($C43,PQ_Juli!$A$2:$A$1048,0),MATCH(AJ$3&"",PQ_Juli!$B$1:$AF$1&"",0)),0)} -> 1 | AK43: {=IFERROR(INDEX(PQ_Juli!$B$2:$AF$1048,MATCH($C43,PQ_Juli!$A$2:$A$1048,0),MATCH(AK$3&"",PQ_Juli!$B$1:$AF$1&"",0)),0)} -> 0 | AL43: {=IFERROR(INDEX(PQ_Juli!$B$2:$AF$1048,MATCH($C43,PQ_Juli!$A$2:$A$1048,0),MATCH(AL$3&"",PQ_Juli!$B$1:$AF$1&"",0)),0)} -> 1 | AN43: =SUM(H43:AL43)+AM43 -> 21 | AO43: =(G43-AN43)+AZ43 -> 12 | AP43: 16 | AQ43: Pcs | AR43: 46210 | AS43: 1 | AV43: 46217 | AX43: =IFERROR(IF(AV43="",0,$D43*AS43),0) -> 16 | AY43: =IFERROR(IF(AW43="",0,$D43*AU43),0) -> 0 | AZ43: =AX43+AY43 -> 16 | BA43: =(G43-AN43)+AZ43 -> 12
C44: Snibe Anti TPO | D44: 50 | G44: =#REF! -> #REF! | H44: {=IFERROR(INDEX(PQ_Juli!$B$2:$AF$1048,MATCH($C44,PQ_Juli!$A$2:$A$1048,0),MATCH(H$3&"",PQ_Juli!$B$1:$AF$1&"",0)),0)} -> 0 | I44: {=IFERROR(INDEX(PQ_Juli!$B$2:$AF$1048,MATCH($C44,PQ_Juli!$A$2:$A$1048,0),MATCH(I$3&"",PQ_Juli!$B$1:$AF$1&"",0)),0)} -> 0 | J44: {=IFERROR(INDEX(PQ_Juli!$B$2:$AF$1048,MATCH($C44,PQ_Juli!$A$2:$A$1048,0),MATCH(J$3&"",PQ_Juli!$B$1:$AF$1&"",0)),0)} -> 0 | K44: {=IFERROR(INDEX(PQ_Juli!$B$2:$AF$1048,MATCH($C44,PQ_Juli!$A$2:$A$1048,0),MATCH(K$3&"",PQ_Juli!$B$1:$AF$1&"",0)),0)} -> 0 | M44: {=IFERROR(INDEX(PQ_Juli!$B$2:$AF$1048,MATCH($C44,PQ_Juli!$A$2:$A$1048,0),MATCH(M$3&"",PQ_Juli!$B$1:$AF$1&"",0)),0)} -> 0 | N44: {=IFERROR(INDEX(PQ_Juli!$B$2:$AF$1048,MATCH($C44,PQ_Juli!$A$2:$A$1048,0),MATCH(N$3&"",PQ_Juli!$B$1:$AF$1&"",0)),0)} -> 0 | O44: {=IFERROR(INDEX(PQ_Juli!$B$2:$AF$1048,MATCH($C44,PQ_Juli!$A$2:$A$1048,0),MATCH(O$3&"",PQ_Juli!$B$1:$AF$1&"",0)),0)} -> 1 | P44: {=IFERROR(INDEX(PQ_Juli!$B$2:$AF$1048,MATCH($C44,PQ_Juli!$A$2:$A$1048,0),MATCH(P$3&"",PQ_Juli!$B$1:$AF$1&"",0)),0)} -> 0 | Q44: {=IFERROR(INDEX(PQ_Juli!$B$2:$AF$1048,MATCH($C44,PQ_Juli!$A$2:$A$1048,0),MATCH(Q$3&"",PQ_Juli!$B$1:$AF$1&"",0)),0)} -> 0 | R44: {=IFERROR(INDEX(PQ_Juli!$B$2:$AF$1048,MATCH($C44,PQ_Juli!$A$2:$A$1048,0),MATCH(R$3&"",PQ_Juli!$B$1:$AF$1&"",0)),0)} -> 0 | T44: {=IFERROR(INDEX(PQ_Juli!$B$2:$AF$1048,MATCH($C44,PQ_Juli!$A$2:$A$1048,0),MATCH(T$3&"",PQ_Juli!$B$1:$AF$1&"",0)),0)} -> 0 | U44: {=IFERROR(INDEX(PQ_Juli!$B$2:$AF$1048,MATCH($C44,PQ_Juli!$A$2:$A$1048,0),MATCH(U$3&"",PQ_Juli!$B$1:$AF$1&"",0)),0)} -> 0 | V44: {=IFERROR(INDEX(PQ_Juli!$B$2:$AF$1048,MATCH($C44,PQ_Juli!$A$2:$A$1048,0),MATCH(V$3&"",PQ_Juli!$B$1:$AF$1&"",0)),0)} -> 0 | W44: {=IFERROR(INDEX(PQ_Juli!$B$2:$AF$1048,MATCH($C44,PQ_Juli!$A$2:$A$1048,0),MATCH(W$3&"",PQ_Juli!$B$1:$AF$1&"",0)),0)} -> 0 | X44: {=IFERROR(INDEX(PQ_Juli!$B$2:$AF$1048,MATCH($C44,PQ_Juli!$A$2:$A$1048,0),MATCH(X$3&"",PQ_Juli!$B$1:$AF$1&"",0)),0)} -> 0 | Y44: {=IFERROR(INDEX(PQ_Juli!$B$2:$AF$1048,MATCH($C44,PQ_Juli!$A$2:$A$1048,0),MATCH(Y$3&"",PQ_Juli!$B$1:$AF$1&"",0)),0)} -> 0 | AA44: {=IFERROR(INDEX(PQ_Juli!$B$2:$AF$1048,MATCH($C44,PQ_Juli!$A$2:$A$1048,0),MATCH(AA$3&"",PQ_Juli!$B$1:$AF$1&"",0)),0)} -> 0 | AB44: {=IFERROR(INDEX(PQ_Juli!$B$2:$AF$1048,MATCH($C44,PQ_Juli!$A$2:$A$1048,0),MATCH(AB$3&"",PQ_Juli!$B$1:$AF$1&"",0)),0)} -> 0 | AC44: {=IFERROR(INDEX(PQ_Juli!$B$2:$AF$1048,MATCH($C44,PQ_Juli!$A$2:$A$1048,0),MATCH(AC$3&"",PQ_Juli!$B$1:$AF$1&"",0)),0)} -> 0 | AD44: {=IFERROR(INDEX(PQ_Juli!$B$2:$AF$1048,MATCH($C44,PQ_Juli!$A$2:$A$1048,0),MATCH(AD$3&"",PQ_Juli!$B$1:$AF$1&"",0)),0)} -> 0 | AE44: {=IFERROR(INDEX(PQ_Juli!$B$2:$AF$1048,MATCH($C44,PQ_Juli!$A$2:$A$1048,0),MATCH(AE$3&"",PQ_Juli!$B$1:$AF$1&"",0)),0)} -> 0 | AF44: {=IFERROR(INDEX(PQ_Juli!$B$2:$AF$1048,MATCH($C44,PQ_Juli!$A$2:$A$1048,0),MATCH(AF$3&"",PQ_Juli!$B$1:$AF$1&"",0)),0)} -> 0 | AH44: {=IFERROR(INDEX(PQ_Juli!$B$2:$AF$1048,MATCH($C44,PQ_Juli!$A$2:$A$1048,0),MATCH(AH$3&"",PQ_Juli!$B$1:$AF$1&"",0)),0)} -> 0 | AI44: {=IFERROR(INDEX(PQ_Juli!$B$2:$AF$1048,MATCH($C44,PQ_Juli!$A$2:$A$1048,0),MATCH(AI$3&"",PQ_Juli!$B$1:$AF$1&"",0)),0)} -> 0 | AJ44: {=IFERROR(INDEX(PQ_Juli!$B$2:$AF$1048,MATCH($C44,PQ_Juli!$A$2:$A$1048,0),MATCH(AJ$3&"",PQ_Juli!$B$1:$AF$1&"",0)),0)} -> 0 | AK44: {=IFERROR(INDEX(PQ_Juli!$B$2:$AF$1048,MATCH($C44,PQ_Juli!$A$2:$A$1048,0),MATCH(AK$3&"",PQ_Juli!$B$1:$AF$1&"",0)),0)} -> 0 | AL44: {=IFERROR(INDEX(PQ_Juli!$B$2:$AF$1048,MATCH($C44,PQ_Juli!$A$2:$A$1048,0),MATCH(AL$3&"",PQ_Juli!$B$1:$AF$1&"",0)),0)} -> 0 | AM44: 6 | AN44: =SUM(H44:AL44)+AM44 -> 7 | AO44: =(G44-AN44)+AZ44 -> #REF! | AP44: 20 | AQ44: Test | AR44: 46210 | AS44: 1 | AV44: 46241 | AX44: =IFERROR(IF(AV44="",0,$D44*AS44),0) -> 50 | AY44: =IFERROR(IF(AW44="",0,$D44*AU44),0) -> 0 | AZ44: =AX44+AY44 -> 50 | BA44: =(G44-AN44)+AZ44 -> #REF!
C45: Snibe Tiroglobulin | D45: 50 | G45: =#REF! -> #REF! | H45: {=IFERROR(INDEX(PQ_Juli!$B$2:$AF$1048,MATCH($C45,PQ_Juli!$A$2:$A$1048,0),MATCH(H$3&"",PQ_Juli!$B$1:$AF$1&"",0)),0)} -> 0 | I45: {=IFERROR(INDEX(PQ_Juli!$B$2:$AF$1048,MATCH($C45,PQ_Juli!$A$2:$A$1048,0),MATCH(I$3&"",PQ_Juli!$B$1:$AF$1&"",0)),0)} -> 0 | J45: {=IFERROR(INDEX(PQ_Juli!$B$2:$AF$1048,MATCH($C45,PQ_Juli!$A$2:$A$1048,0),MATCH(J$3&"",PQ_Juli!$B$1:$AF$1&"",0)),0)} -> 0 | K45: {=IFERROR(INDEX(PQ_Juli!$B$2:$AF$1048,MATCH($C45,PQ_Juli!$A$2:$A$1048,0),MATCH(K$3&"",PQ_Juli!$B$1:$AF$1&"",0)),0)} -> 0 | M45: {=IFERROR(INDEX(PQ_Juli!$B$2:$AF$1048,MATCH($C45,PQ_Juli!$A$2:$A$1048,0),MATCH(M$3&"",PQ_Juli!$B$1:$AF$1&"",0)),0)} -> 0 | N45: {=IFERROR(INDEX(PQ_Juli!$B$2:$AF$1048,MATCH($C45,PQ_Juli!$A$2:$A$1048,0),MATCH(N$3&"",PQ_Juli!$B$1:$AF$1&"",0)),0)} -> 0 | O45: {=IFERROR(INDEX(PQ_Juli!$B$2:$AF$1048,MATCH($C45,PQ_Juli!$A$2:$A$1048,0),MATCH(O$3&"",PQ_Juli!$B$1:$AF$1&"",0)),0)} -> 0 | P45: {=IFERROR(INDEX(PQ_Juli!$B$2:$AF$1048,MATCH($C45,PQ_Juli!$A$2:$A$1048,0),MATCH(P$3&"",PQ_Juli!$B$1:$AF$1&"",0)),0)} -> 0 | Q45: {=IFERROR(INDEX(PQ_Juli!$B$2:$AF$1048,MATCH($C45,PQ_Juli!$A$2:$A$1048,0),MATCH(Q$3&"",PQ_Juli!$B$1:$AF$1&"",0)),0)} -> 0 | R45: {=IFERROR(INDEX(PQ_Juli!$B$2:$AF$1048,MATCH($C45,PQ_Juli!$A$2:$A$1048,0),MATCH(R$3&"",PQ_Juli!$B$1:$AF$1&"",0)),0)} -> 0 | T45: {=IFERROR(INDEX(PQ_Juli!$B$2:$AF$1048,MATCH($C45,PQ_Juli!$A$2:$A$1048,0),MATCH(T$3&"",PQ_Juli!$B$1:$AF$1&"",0)),0)} -> 0 | U45: {=IFERROR(INDEX(PQ_Juli!$B$2:$AF$1048,MATCH($C45,PQ_Juli!$A$2:$A$1048,0),MATCH(U$3&"",PQ_Juli!$B$1:$AF$1&"",0)),0)} -> 0 | V45: {=IFERROR(INDEX(PQ_Juli!$B$2:$AF$1048,MATCH($C45,PQ_Juli!$A$2:$A$1048,0),MATCH(V$3&"",PQ_Juli!$B$1:$AF$1&"",0)),0)} -> 0 | W45: {=IFERROR(INDEX(PQ_Juli!$B$2:$AF$1048,MATCH($C45,PQ_Juli!$A$2:$A$1048,0),MATCH(W$3&"",PQ_Juli!$B$1:$AF$1&"",0)),0)} -> 0 | X45: {=IFERROR(INDEX(PQ_Juli!$B$2:$AF$1048,MATCH($C45,PQ_Juli!$A$2:$A$1048,0),MATCH(X$3&"",PQ_Juli!$B$1:$AF$1&"",0)),0)} -> 0 | Y45: {=IFERROR(INDEX(PQ_Juli!$B$2:$AF$1048,MATCH($C45,PQ_Juli!$A$2:$A$1048,0),MATCH(Y$3&"",PQ_Juli!$B$1:$AF$1&"",0)),0)} -> 0 | AA45: {=IFERROR(INDEX(PQ_Juli!$B$2:$AF$1048,MATCH($C45,PQ_Juli!$A$2:$A$1048,0),MATCH(AA$3&"",PQ_Juli!$B$1:$AF$1&"",0)),0)} -> 0 | AB45: {=IFERROR(INDEX(PQ_Juli!$B$2:$AF$1048,MATCH($C45,PQ_Juli!$A$2:$A$1048,0),MATCH(AB$3&"",PQ_Juli!$B$1:$AF$1&"",0)),0)} -> 1 | AC45: {=IFERROR(INDEX(PQ_Juli!$B$2:$AF$1048,MATCH($C45,PQ_Juli!$A$2:$A$1048,0),MATCH(AC$3&"",PQ_Juli!$B$1:$AF$1&"",0)),0)} -> 0 | AD45: {=IFERROR(INDEX(PQ_Juli!$B$2:$AF$1048,MATCH($C45,PQ_Juli!$A$2:$A$1048,0),MATCH(AD$3&"",PQ_Juli!$B$1:$AF$1&"",0)),0)} -> 0 | AE45: {=IFERROR(INDEX(PQ_Juli!$B$2:$AF$1048,MATCH($C45,PQ_Juli!$A$2:$A$1048,0),MATCH(AE$3&"",PQ_Juli!$B$1:$AF$1&"",0)),0)} -> 0 | AF45: {=IFERROR(INDEX(PQ_Juli!$B$2:$AF$1048,MATCH($C45,PQ_Juli!$A$2:$A$1048,0),MATCH(AF$3&"",PQ_Juli!$B$1:$AF$1&"",0)),0)} -> 0 | AH45: {=IFERROR(INDEX(PQ_Juli!$B$2:$AF$1048,MATCH($C45,PQ_Juli!$A$2:$A$1048,0),MATCH(AH$3&"",PQ_Juli!$B$1:$AF$1&"",0)),0)} -> 0 | AI45: {=IFERROR(INDEX(PQ_Juli!$B$2:$AF$1048,MATCH($C45,PQ_Juli!$A$2:$A$1048,0),MATCH(AI$3&"",PQ_Juli!$B$1:$AF$1&"",0)),0)} -> 0 | AJ45: {=IFERROR(INDEX(PQ_Juli!$B$2:$AF$1048,MATCH($C45,PQ_Juli!$A$2:$A$1048,0),MATCH(AJ$3&"",PQ_Juli!$B$1:$AF$1&"",0)),0)} -> 1 | AK45: {=IFERROR(INDEX(PQ_Juli!$B$2:$AF$1048,MATCH($C45,PQ_Juli!$A$2:$A$1048,0),MATCH(AK$3&"",PQ_Juli!$B$1:$AF$1&"",0)),0)} -> 0 | AL45: {=IFERROR(INDEX(PQ_Juli!$B$2:$AF$1048,MATCH($C45,PQ_Juli!$A$2:$A$1048,0),MATCH(AL$3&"",PQ_Juli!$B$1:$AF$1&"",0)),0)} -> 0 | AM45: 6 | AN45: =SUM(H45:AL45)+AM45 -> 8 | AO45: =(G45-AN45)+AZ45 -> #REF! | AP45: 20 | AQ45: Test | AX45: =IFERROR(IF(AV45="",0,$D45*AS45),0) -> 0 | AY45: =IFERROR(IF(AW45="",0,$D45*AU45),0) -> 0 | AZ45: =AX45+AY45 -> 0 | BA45: =(G45-AN45)+AZ45 -> #REF!
C46: Snibe Vitamin B12 | D46: 50 | G46: 45 | H46: {=IFERROR(INDEX(PQ_Juli!$B$2:$AF$1048,MATCH($C46,PQ_Juli!$A$2:$A$1048,0),MATCH(H$3&"",PQ_Juli!$B$1:$AF$1&"",0)),0)} -> 0 | I46: {=IFERROR(INDEX(PQ_Juli!$B$2:$AF$1048,MATCH($C46,PQ_Juli!$A$2:$A$1048,0),MATCH(I$3&"",PQ_Juli!$B$1:$AF$1&"",0)),0)} -> 1 | J46: {=IFERROR(INDEX(PQ_Juli!$B$2:$AF$1048,MATCH($C46,PQ_Juli!$A$2:$A$1048,0),MATCH(J$3&"",PQ_Juli!$B$1:$AF$1&"",0)),0)} -> 0 | K46: {=IFERROR(INDEX(PQ_Juli!$B$2:$AF$1048,MATCH($C46,PQ_Juli!$A$2:$A$1048,0),MATCH(K$3&"",PQ_Juli!$B$1:$AF$1&"",0)),0)} -> 0 | M46: {=IFERROR(INDEX(PQ_Juli!$B$2:$AF$1048,MATCH($C46,PQ_Juli!$A$2:$A$1048,0),MATCH(M$3&"",PQ_Juli!$B$1:$AF$1&"",0)),0)} -> 0 | N46: {=IFERROR(INDEX(PQ_Juli!$B$2:$AF$1048,MATCH($C46,PQ_Juli!$A$2:$A$1048,0),MATCH(N$3&"",PQ_Juli!$B$1:$AF$1&"",0)),0)} -> 0 | O46: {=IFERROR(INDEX(PQ_Juli!$B$2:$AF$1048,MATCH($C46,PQ_Juli!$A$2:$A$1048,0),MATCH(O$3&"",PQ_Juli!$B$1:$AF$1&"",0)),0)} -> 1 | P46: {=IFERROR(INDEX(PQ_Juli!$B$2:$AF$1048,MATCH($C46,PQ_Juli!$A$2:$A$1048,0),MATCH(P$3&"",PQ_Juli!$B$1:$AF$1&"",0)),0)} -> 0 | Q46: {=IFERROR(INDEX(PQ_Juli!$B$2:$AF$1048,MATCH($C46,PQ_Juli!$A$2:$A$1048,0),MATCH(Q$3&"",PQ_Juli!$B$1:$AF$1&"",0)),0)} -> 0 | R46: {=IFERROR(INDEX(PQ_Juli!$B$2:$AF$1048,MATCH($C46,PQ_Juli!$A$2:$A$1048,0),MATCH(R$3&"",PQ_Juli!$B$1:$AF$1&"",0)),0)} -> 0 | T46: {=IFERROR(INDEX(PQ_Juli!$B$2:$AF$1048,MATCH($C46,PQ_Juli!$A$2:$A$1048,0),MATCH(T$3&"",PQ_Juli!$B$1:$AF$1&"",0)),0)} -> 0 | U46: {=IFERROR(INDEX(PQ_Juli!$B$2:$AF$1048,MATCH($C46,PQ_Juli!$A$2:$A$1048,0),MATCH(U$3&"",PQ_Juli!$B$1:$AF$1&"",0)),0)} -> 0 | V46: {=IFERROR(INDEX(PQ_Juli!$B$2:$AF$1048,MATCH($C46,PQ_Juli!$A$2:$A$1048,0),MATCH(V$3&"",PQ_Juli!$B$1:$AF$1&"",0)),0)} -> 0 | W46: {=IFERROR(INDEX(PQ_Juli!$B$2:$AF$1048,MATCH($C46,PQ_Juli!$A$2:$A$1048,0),MATCH(W$3&"",PQ_Juli!$B$1:$AF$1&"",0)),0)} -> 0 | X46: {=IFERROR(INDEX(PQ_Juli!$B$2:$AF$1048,MATCH($C46,PQ_Juli!$A$2:$A$1048,0),MATCH(X$3&"",PQ_Juli!$B$1:$AF$1&"",0)),0)} -> 0 | Y46: {=IFERROR(INDEX(PQ_Juli!$B$2:$AF$1048,MATCH($C46,PQ_Juli!$A$2:$A$1048,0),MATCH(Y$3&"",PQ_Juli!$B$1:$AF$1&"",0)),0)} -> 0 | AA46: {=IFERROR(INDEX(PQ_Juli!$B$2:$AF$1048,MATCH($C46,PQ_Juli!$A$2:$A$1048,0),MATCH(AA$3&"",PQ_Juli!$B$1:$AF$1&"",0)),0)} -> 0 | AB46: {=IFERROR(INDEX(PQ_Juli!$B$2:$AF$1048,MATCH($C46,PQ_Juli!$A$2:$A$1048,0),MATCH(AB$3&"",PQ_Juli!$B$1:$AF$1&"",0)),0)} -> 0 | AC46: {=IFERROR(INDEX(PQ_Juli!$B$2:$AF$1048,MATCH($C46,PQ_Juli!$A$2:$A$1048,0),MATCH(AC$3&"",PQ_Juli!$B$1:$AF$1&"",0)),0)} -> 0 | AD46: {=IFERROR(INDEX(PQ_Juli!$B$2:$AF$1048,MATCH($C46,PQ_Juli!$A$2:$A$1048,0),MATCH(AD$3&"",PQ_Juli!$B$1:$AF$1&"",0)),0)} -> 0 | AE46: {=IFERROR(INDEX(PQ_Juli!$B$2:$AF$1048,MATCH($C46,PQ_Juli!$A$2:$A$1048,0),MATCH(AE$3&"",PQ_Juli!$B$1:$AF$1&"",0)),0)} -> 0 | AF46: {=IFERROR(INDEX(PQ_Juli!$B$2:$AF$1048,MATCH($C46,PQ_Juli!$A$2:$A$1048,0),MATCH(AF$3&"",PQ_Juli!$B$1:$AF$1&"",0)),0)} -> 1 | AH46: {=IFERROR(INDEX(PQ_Juli!$B$2:$AF$1048,MATCH($C46,PQ_Juli!$A$2:$A$1048,0),MATCH(AH$3&"",PQ_Juli!$B$1:$AF$1&"",0)),0)} -> 0 | AI46: {=IFERROR(INDEX(PQ_Juli!$B$2:$AF$1048,MATCH($C46,PQ_Juli!$A$2:$A$1048,0),MATCH(AI$3&"",PQ_Juli!$B$1:$AF$1&"",0)),0)} -> 0 | AJ46: {=IFERROR(INDEX(PQ_Juli!$B$2:$AF$1048,MATCH($C46,PQ_Juli!$A$2:$A$1048,0),MATCH(AJ$3&"",PQ_Juli!$B$1:$AF$1&"",0)),0)} -> 0 | AK46: {=IFERROR(INDEX(PQ_Juli!$B$2:$AF$1048,MATCH($C46,PQ_Juli!$A$2:$A$1048,0),MATCH(AK$3&"",PQ_Juli!$B$1:$AF$1&"",0)),0)} -> 1 | AL46: {=IFERROR(INDEX(PQ_Juli!$B$2:$AF$1048,MATCH($C46,PQ_Juli!$A$2:$A$1048,0),MATCH(AL$3&"",PQ_Juli!$B$1:$AF$1&"",0)),0)} -> 0 | AM46: 10 | AN46: =SUM(H46:AL46)+AM46 -> 14 | AO46: =(G46-AN46)+AZ46 -> 31 | AP46: 20 | AQ46: Test | AX46: =IFERROR(IF(AV46="",0,$D46*AS46),0) -> 0 | AY46: =IFERROR(IF(AW46="",0,$D46*AU46),0) -> 0 | AZ46: =AX46+AY46 -> 0 | BA46: =(G46-AN46)+AZ46 -> 31
C47: Snibe Beta HCG | D47: 50 | G47: =#REF! -> #REF! | H47: {=IFERROR(INDEX(PQ_Juli!$B$2:$AF$1048,MATCH($C47,PQ_Juli!$A$2:$A$1048,0),MATCH(H$3&"",PQ_Juli!$B$1:$AF$1&"",0)),0)} -> 0 | I47: {=IFERROR(INDEX(PQ_Juli!$B$2:$AF$1048,MATCH($C47,PQ_Juli!$A$2:$A$1048,0),MATCH(I$3&"",PQ_Juli!$B$1:$AF$1&"",0)),0)} -> 0 | J47: {=IFERROR(INDEX(PQ_Juli!$B$2:$AF$1048,MATCH($C47,PQ_Juli!$A$2:$A$1048,0),MATCH(J$3&"",PQ_Juli!$B$1:$AF$1&"",0)),0)} -> 0 | K47: {=IFERROR(INDEX(PQ_Juli!$B$2:$AF$1048,MATCH($C47,PQ_Juli!$A$2:$A$1048,0),MATCH(K$3&"",PQ_Juli!$B$1:$AF$1&"",0)),0)} -> 0 | M47: {=IFERROR(INDEX(PQ_Juli!$B$2:$AF$1048,MATCH($C47,PQ_Juli!$A$2:$A$1048,0),MATCH(M$3&"",PQ_Juli!$B$1:$AF$1&"",0)),0)} -> 0 | N47: {=IFERROR(INDEX(PQ_Juli!$B$2:$AF$1048,MATCH($C47,PQ_Juli!$A$2:$A$1048,0),MATCH(N$3&"",PQ_Juli!$B$1:$AF$1&"",0)),0)} -> 0 | O47: {=IFERROR(INDEX(PQ_Juli!$B$2:$AF$1048,MATCH($C47,PQ_Juli!$A$2:$A$1048,0),MATCH(O$3&"",PQ_Juli!$B$1:$AF$1&"",0)),0)} -> 0 | P47: {=IFERROR(INDEX(PQ_Juli!$B$2:$AF$1048,MATCH($C47,PQ_Juli!$A$2:$A$1048,0),MATCH(P$3&"",PQ_Juli!$B$1:$AF$1&"",0)),0)} -> 0 | Q47: {=IFERROR(INDEX(PQ_Juli!$B$2:$AF$1048,MATCH($C47,PQ_Juli!$A$2:$A$1048,0),MATCH(Q$3&"",PQ_Juli!$B$1:$AF$1&"",0)),0)} -> 1 | R47: {=IFERROR(INDEX(PQ_Juli!$B$2:$AF$1048,MATCH($C47,PQ_Juli!$A$2:$A$1048,0),MATCH(R$3&"",PQ_Juli!$B$1:$AF$1&"",0)),0)} -> 0 | T47: {=IFERROR(INDEX(PQ_Juli!$B$2:$AF$1048,MATCH($C47,PQ_Juli!$A$2:$A$1048,0),MATCH(T$3&"",PQ_Juli!$B$1:$AF$1&"",0)),0)} -> 0 | U47: {=IFERROR(INDEX(PQ_Juli!$B$2:$AF$1048,MATCH($C47,PQ_Juli!$A$2:$A$1048,0),MATCH(U$3&"",PQ_Juli!$B$1:$AF$1&"",0)),0)} -> 2 | V47: {=IFERROR(INDEX(PQ_Juli!$B$2:$AF$1048,MATCH($C47,PQ_Juli!$A$2:$A$1048,0),MATCH(V$3&"",PQ_Juli!$B$1:$AF$1&"",0)),0)} -> 0 | W47: {=IFERROR(INDEX(PQ_Juli!$B$2:$AF$1048,MATCH($C47,PQ_Juli!$A$2:$A$1048,0),MATCH(W$3&"",PQ_Juli!$B$1:$AF$1&"",0)),0)} -> 0 | X47: {=IFERROR(INDEX(PQ_Juli!$B$2:$AF$1048,MATCH($C47,PQ_Juli!$A$2:$A$1048,0),MATCH(X$3&"",PQ_Juli!$B$1:$AF$1&"",0)),0)} -> 0 | Y47: {=IFERROR(INDEX(PQ_Juli!$B$2:$AF$1048,MATCH($C47,PQ_Juli!$A$2:$A$1048,0),MATCH(Y$3&"",PQ_Juli!$B$1:$AF$1&"",0)),0)} -> 0 | AA47: {=IFERROR(INDEX(PQ_Juli!$B$2:$AF$1048,MATCH($C47,PQ_Juli!$A$2:$A$1048,0),MATCH(AA$3&"",PQ_Juli!$B$1:$AF$1&"",0)),0)} -> 0 | AB47: {=IFERROR(INDEX(PQ_Juli!$B$2:$AF$1048,MATCH($C47,PQ_Juli!$A$2:$A$1048,0),MATCH(AB$3&"",PQ_Juli!$B$1:$AF$1&"",0)),0)} -> 1 | AC47: {=IFERROR(INDEX(PQ_Juli!$B$2:$AF$1048,MATCH($C47,PQ_Juli!$A$2:$A$1048,0),MATCH(AC$3&"",PQ_Juli!$B$1:$AF$1&"",0)),0)} -> 0 | AD47: {=IFERROR(INDEX(PQ_Juli!$B$2:$AF$1048,MATCH($C47,PQ_Juli!$A$2:$A$1048,0),MATCH(AD$3&"",PQ_Juli!$B$1:$AF$1&"",0)),0)} -> 0 | AE47: {=IFERROR(INDEX(PQ_Juli!$B$2:$AF$1048,MATCH($C47,PQ_Juli!$A$2:$A$1048,0),MATCH(AE$3&"",PQ_Juli!$B$1:$AF$1&"",0)),0)} -> 0 | AF47: {=IFERROR(INDEX(PQ_Juli!$B$2:$AF$1048,MATCH($C47,PQ_Juli!$A$2:$A$1048,0),MATCH(AF$3&"",PQ_Juli!$B$1:$AF$1&"",0)),0)} -> 1 | AH47: {=IFERROR(INDEX(PQ_Juli!$B$2:$AF$1048,MATCH($C47,PQ_Juli!$A$2:$A$1048,0),MATCH(AH$3&"",PQ_Juli!$B$1:$AF$1&"",0)),0)} -> 0 | AI47: {=IFERROR(INDEX(PQ_Juli!$B$2:$AF$1048,MATCH($C47,PQ_Juli!$A$2:$A$1048,0),MATCH(AI$3&"",PQ_Juli!$B$1:$AF$1&"",0)),0)} -> 1 | AJ47: {=IFERROR(INDEX(PQ_Juli!$B$2:$AF$1048,MATCH($C47,PQ_Juli!$A$2:$A$1048,0),MATCH(AJ$3&"",PQ_Juli!$B$1:$AF$1&"",0)),0)} -> 0 | AK47: {=IFERROR(INDEX(PQ_Juli!$B$2:$AF$1048,MATCH($C47,PQ_Juli!$A$2:$A$1048,0),MATCH(AK$3&"",PQ_Juli!$B$1:$AF$1&"",0)),0)} -> 0 | AL47: {=IFERROR(INDEX(PQ_Juli!$B$2:$AF$1048,MATCH($C47,PQ_Juli!$A$2:$A$1048,0),MATCH(AL$3&"",PQ_Juli!$B$1:$AF$1&"",0)),0)} -> 0 | AM47: 14 | AN47: =SUM(H47:AL47)+AM47 -> 20 | AO47: =(G47-AN47)+AZ47 -> #REF! | AP47: 20 | AQ47: Test | AX47: =IFERROR(IF(AV47="",0,$D47*AS47),0) -> 0 | AY47: =IFERROR(IF(AW47="",0,$D47*AU47),0) -> 0 | AZ47: =AX47+AY47 -> 0 | BA47: =(G47-AN47)+AZ47 -> #REF!
C48: Snibe Asam Folat | D48: 50 | G48: =#REF! -> #REF! | H48: {=IFERROR(INDEX(PQ_Juli!$B$2:$AF$1048,MATCH($C48,PQ_Juli!$A$2:$A$1048,0),MATCH(H$3&"",PQ_Juli!$B$1:$AF$1&"",0)),0)} -> 0 | I48: {=IFERROR(INDEX(PQ_Juli!$B$2:$AF$1048,MATCH($C48,PQ_Juli!$A$2:$A$1048,0),MATCH(I$3&"",PQ_Juli!$B$1:$AF$1&"",0)),0)} -> 1 | J48: {=IFERROR(INDEX(PQ_Juli!$B$2:$AF$1048,MATCH($C48,PQ_Juli!$A$2:$A$1048,0),MATCH(J$3&"",PQ_Juli!$B$1:$AF$1&"",0)),0)} -> 0 | K48: {=IFERROR(INDEX(PQ_Juli!$B$2:$AF$1048,MATCH($C48,PQ_Juli!$A$2:$A$1048,0),MATCH(K$3&"",PQ_Juli!$B$1:$AF$1&"",0)),0)} -> 0 | M48: {=IFERROR(INDEX(PQ_Juli!$B$2:$AF$1048,MATCH($C48,PQ_Juli!$A$2:$A$1048,0),MATCH(M$3&"",PQ_Juli!$B$1:$AF$1&"",0)),0)} -> 0 | N48: {=IFERROR(INDEX(PQ_Juli!$B$2:$AF$1048,MATCH($C48,PQ_Juli!$A$2:$A$1048,0),MATCH(N$3&"",PQ_Juli!$B$1:$AF$1&"",0)),0)} -> 0 | O48: {=IFERROR(INDEX(PQ_Juli!$B$2:$AF$1048,MATCH($C48,PQ_Juli!$A$2:$A$1048,0),MATCH(O$3&"",PQ_Juli!$B$1:$AF$1&"",0)),0)} -> 1 | P48: {=IFERROR(INDEX(PQ_Juli!$B$2:$AF$1048,MATCH($C48,PQ_Juli!$A$2:$A$1048,0),MATCH(P$3&"",PQ_Juli!$B$1:$AF$1&"",0)),0)} -> 0 | Q48: {=IFERROR(INDEX(PQ_Juli!$B$2:$AF$1048,MATCH($C48,PQ_Juli!$A$2:$A$1048,0),MATCH(Q$3&"",PQ_Juli!$B$1:$AF$1&"",0)),0)} -> 0 | R48: {=IFERROR(INDEX(PQ_Juli!$B$2:$AF$1048,MATCH($C48,PQ_Juli!$A$2:$A$1048,0),MATCH(R$3&"",PQ_Juli!$B$1:$AF$1&"",0)),0)} -> 0 | T48: {=IFERROR(INDEX(PQ_Juli!$B$2:$AF$1048,MATCH($C48,PQ_Juli!$A$2:$A$1048,0),MATCH(T$3&"",PQ_Juli!$B$1:$AF$1&"",0)),0)} -> 0 | U48: {=IFERROR(INDEX(PQ_Juli!$B$2:$AF$1048,MATCH($C48,PQ_Juli!$A$2:$A$1048,0),MATCH(U$3&"",PQ_Juli!$B$1:$AF$1&"",0)),0)} -> 0 | V48: {=IFERROR(INDEX(PQ_Juli!$B$2:$AF$1048,MATCH($C48,PQ_Juli!$A$2:$A$1048,0),MATCH(V$3&"",PQ_Juli!$B$1:$AF$1&"",0)),0)} -> 0 | W48: {=IFERROR(INDEX(PQ_Juli!$B$2:$AF$1048,MATCH($C48,PQ_Juli!$A$2:$A$1048,0),MATCH(W$3&"",PQ_Juli!$B$1:$AF$1&"",0)),0)} -> 0 | X48: {=IFERROR(INDEX(PQ_Juli!$B$2:$AF$1048,MATCH($C48,PQ_Juli!$A$2:$A$1048,0),MATCH(X$3&"",PQ_Juli!$B$1:$AF$1&"",0)),0)} -> 0 | Y48: {=IFERROR(INDEX(PQ_Juli!$B$2:$AF$1048,MATCH($C48,PQ_Juli!$A$2:$A$1048,0),MATCH(Y$3&"",PQ_Juli!$B$1:$AF$1&"",0)),0)} -> 0 | AA48: {=IFERROR(INDEX(PQ_Juli!$B$2:$AF$1048,MATCH($C48,PQ_Juli!$A$2:$A$1048,0),MATCH(AA$3&"",PQ_Juli!$B$1:$AF$1&"",0)),0)} -> 0 | AB48: {=IFERROR(INDEX(PQ_Juli!$B$2:$AF$1048,MATCH($C48,PQ_Juli!$A$2:$A$1048,0),MATCH(AB$3&"",PQ_Juli!$B$1:$AF$1&"",0)),0)} -> 0 | AC48: {=IFERROR(INDEX(PQ_Juli!$B$2:$AF$1048,MATCH($C48,PQ_Juli!$A$2:$A$1048,0),MATCH(AC$3&"",PQ_Juli!$B$1:$AF$1&"",0)),0)} -> 0 | AD48: {=IFERROR(INDEX(PQ_Juli!$B$2:$AF$1048,MATCH($C48,PQ_Juli!$A$2:$A$1048,0),MATCH(AD$3&"",PQ_Juli!$B$1:$AF$1&"",0)),0)} -> 0 | AE48: {=IFERROR(INDEX(PQ_Juli!$B$2:$AF$1048,MATCH($C48,PQ_Juli!$A$2:$A$1048,0),MATCH(AE$3&"",PQ_Juli!$B$1:$AF$1&"",0)),0)} -> 0 | AF48: {=IFERROR(INDEX(PQ_Juli!$B$2:$AF$1048,MATCH($C48,PQ_Juli!$A$2:$A$1048,0),MATCH(AF$3&"",PQ_Juli!$B$1:$AF$1&"",0)),0)} -> 0 | AH48: {=IFERROR(INDEX(PQ_Juli!$B$2:$AF$1048,MATCH($C48,PQ_Juli!$A$2:$A$1048,0),MATCH(AH$3&"",PQ_Juli!$B$1:$AF$1&"",0)),0)} -> 0 | AI48: {=IFERROR(INDEX(PQ_Juli!$B$2:$AF$1048,MATCH($C48,PQ_Juli!$A$2:$A$1048,0),MATCH(AI$3&"",PQ_Juli!$B$1:$AF$1&"",0)),0)} -> 0 | AJ48: {=IFERROR(INDEX(PQ_Juli!$B$2:$AF$1048,MATCH($C48,PQ_Juli!$A$2:$A$1048,0),MATCH(AJ$3&"",PQ_Juli!$B$1:$AF$1&"",0)),0)} -> 0 | AK48: {=IFERROR(INDEX(PQ_Juli!$B$2:$AF$1048,MATCH($C48,PQ_Juli!$A$2:$A$1048,0),MATCH(AK$3&"",PQ_Juli!$B$1:$AF$1&"",0)),0)} -> 1 | AL48: {=IFERROR(INDEX(PQ_Juli!$B$2:$AF$1048,MATCH($C48,PQ_Juli!$A$2:$A$1048,0),MATCH(AL$3&"",PQ_Juli!$B$1:$AF$1&"",0)),0)} -> 0 | AM48: 4 | AN48: =SUM(H48:AL48)+AM48 -> 7 | AO48: =(G48-AN48)+AZ48 -> #REF! | AP48: 20 | AQ48: Test | AR48: 46210 | AS48: 1 | AV48: 46231 | AX48: =IFERROR(IF(AV48="",0,$D48*AS48),0) -> 50 | AY48: =IFERROR(IF(AW48="",0,$D48*AU48),0) -> 0 | AZ48: =AX48+AY48 -> 50 | BA48: =(G48-AN48)+AZ48 -> #REF!
A49: =AO49 -> 479 | C49: INDIKO Albumin | D49: 640 | E49: 20 | F49: 47 | G49: =SUM(H49:AF49)+503 -> 503 | H49: NEW | AH49: {=IFERROR(INDEX(PQ_Juli!$B$2:$AF$1048,MATCH($C49,PQ_Juli!$A$2:$A$1048,0),MATCH(AH$3&"",PQ_Juli!$B$1:$AF$1&"",0)),0)} -> 0 | AI49: {=IFERROR(INDEX(PQ_Juli!$B$2:$AF$1048,MATCH($C49,PQ_Juli!$A$2:$A$1048,0),MATCH(AI$3&"",PQ_Juli!$B$1:$AF$1&"",0)),0)} -> 22 | AJ49: {=IFERROR(INDEX(PQ_Juli!$B$2:$AF$1048,MATCH($C49,PQ_Juli!$A$2:$A$1048,0),MATCH(AJ$3&"",PQ_Juli!$B$1:$AF$1&"",0)),0)} -> 2 | AK49: {=IFERROR(INDEX(PQ_Juli!$B$2:$AF$1048,MATCH($C49,PQ_Juli!$A$2:$A$1048,0),MATCH(AK$3&"",PQ_Juli!$B$1:$AF$1&"",0)),0)} -> 0 | AL49: {=IFERROR(INDEX(PQ_Juli!$B$2:$AF$1048,MATCH($C49,PQ_Juli!$A$2:$A$1048,0),MATCH(AL$3&"",PQ_Juli!$B$1:$AF$1&"",0)),0)} -> 0 | AN49: =SUM(H49:AL49)+AM49 -> 24 | AO49: =(G49-AN49)+AZ49 -> 479 | AP49: 320 | AQ49: Test | AX49: =IFERROR(IF(AV49="",0,$D49*AS49),0) -> 0 | AY49: =IFERROR(IF(AW49="",0,$D49*AU49),0) -> 0 | AZ49: =AX49+AY49 -> 0 | BA49: =(G49-AN49)+AZ49 -> 479
A50: =AO50 -> 330 | C50: INDIKO ALP | D50: 390 | E50: 139 | F50: 259 | G50: 390 | AH50: {=IFERROR(INDEX(PQ_Juli!$B$2:$AF$1048,MATCH($C50,PQ_Juli!$A$2:$A$1048,0),MATCH(AH$3&"",PQ_Juli!$B$1:$AF$1&"",0)),0)} -> 3 | AI50: {=IFERROR(INDEX(PQ_Juli!$B$2:$AF$1048,MATCH($C50,PQ_Juli!$A$2:$A$1048,0),MATCH(AI$3&"",PQ_Juli!$B$1:$AF$1&"",0)),0)} -> 28 | AJ50: {=IFERROR(INDEX(PQ_Juli!$B$2:$AF$1048,MATCH($C50,PQ_Juli!$A$2:$A$1048,0),MATCH(AJ$3&"",PQ_Juli!$B$1:$AF$1&"",0)),0)} -> 7 | AK50: {=IFERROR(INDEX(PQ_Juli!$B$2:$AF$1048,MATCH($C50,PQ_Juli!$A$2:$A$1048,0),MATCH(AK$3&"",PQ_Juli!$B$1:$AF$1&"",0)),0)} -> 17 | AL50: {=IFERROR(INDEX(PQ_Juli!$B$2:$AF$1048,MATCH($C50,PQ_Juli!$A$2:$A$1048,0),MATCH(AL$3&"",PQ_Juli!$B$1:$AF$1&"",0)),0)} -> 5 | AN50: =SUM(H50:AL50)+AM50 -> 60 | AO50: =(G50-AN50)+AZ50 -> 330 | AP50: 390 | AQ50: Test | AX50: =IFERROR(IF(AV50="",0,$D50*AS50),0) -> 0 | AY50: =IFERROR(IF(AW50="",0,$D50*AU50),0) -> 0 | AZ50: =AX50+AY50 -> 0 | BA50: =(G50-AN50)+AZ50 -> 330
A51: =AO51 -> 1813 | C51: INDIKO ALT / GPT (IFCC) | D51: 1100 | E51: 232 | F51: 330 | G51: 1893 | AH51: {=IFERROR(INDEX(PQ_Juli!$B$2:$AF$1048,MATCH($C51,PQ_Juli!$A$2:$A$1048,0),MATCH(AH$3&"",PQ_Juli!$B$1:$AF$1&"",0)),0)} -> 8 | AI51: {=IFERROR(INDEX(PQ_Juli!$B$2:$AF$1048,MATCH($C51,PQ_Juli!$A$2:$A$1048,0),MATCH(AI$3&"",PQ_Juli!$B$1:$AF$1&"",0)),0)} -> 33 | AJ51: {=IFERROR(INDEX(PQ_Juli!$B$2:$AF$1048,MATCH($C51,PQ_Juli!$A$2:$A$1048,0),MATCH(AJ$3&"",PQ_Juli!$B$1:$AF$1&"",0)),0)} -> 10 | AK51: {=IFERROR(INDEX(PQ_Juli!$B$2:$AF$1048,MATCH($C51,PQ_Juli!$A$2:$A$1048,0),MATCH(AK$3&"",PQ_Juli!$B$1:$AF$1&"",0)),0)} -> 20 | AL51: {=IFERROR(INDEX(PQ_Juli!$B$2:$AF$1048,MATCH($C51,PQ_Juli!$A$2:$A$1048,0),MATCH(AL$3&"",PQ_Juli!$B$1:$AF$1&"",0)),0)} -> 9 | AN51: =SUM(H51:AL51)+AM51 -> 80 | AO51: =(G51-AN51)+AZ51 -> 1813 | AP51: 800 | AQ51: Test | AX51: =IFERROR(IF(AV51="",0,$D51*AS51),0) -> 0 | AY51: =IFERROR(IF(AW51="",0,$D51*AU51),0) -> 0 | AZ51: =AX51+AY51 -> 0 | BA51: =(G51-AN51)+AZ51 -> 1813
A52: =AO52 -> 1807 | C52: INDIKO AST / GOT (IFCC) | D52: 1100 | E52: 231 | F52: 327 | G52: 1887 | AH52: {=IFERROR(INDEX(PQ_Juli!$B$2:$AF$1048,MATCH($C52,PQ_Juli!$A$2:$A$1048,0),MATCH(AH$3&"",PQ_Juli!$B$1:$AF$1&"",0)),0)} -> 8 | AI52: {=IFERROR(INDEX(PQ_Juli!$B$2:$AF$1048,MATCH($C52,PQ_Juli!$A$2:$A$1048,0),MATCH(AI$3&"",PQ_Juli!$B$1:$AF$1&"",0)),0)} -> 33 | AJ52: {=IFERROR(INDEX(PQ_Juli!$B$2:$AF$1048,MATCH($C52,PQ_Juli!$A$2:$A$1048,0),MATCH(AJ$3&"",PQ_Juli!$B$1:$AF$1&"",0)),0)} -> 10 | AK52: {=IFERROR(INDEX(PQ_Juli!$B$2:$AF$1048,MATCH($C52,PQ_Juli!$A$2:$A$1048,0),MATCH(AK$3&"",PQ_Juli!$B$1:$AF$1&"",0)),0)} -> 20 | AL52: {=IFERROR(INDEX(PQ_Juli!$B$2:$AF$1048,MATCH($C52,PQ_Juli!$A$2:$A$1048,0),MATCH(AL$3&"",PQ_Juli!$B$1:$AF$1&"",0)),0)} -> 9 | AN52: =SUM(H52:AL52)+AM52 -> 80 | AO52: =(G52-AN52)+AZ52 -> 1807 | AP52: 800 | AQ52: Test | AX52: =IFERROR(IF(AV52="",0,$D52*AS52),0) -> 0 | AY52: =IFERROR(IF(AW52="",0,$D52*AU52),0) -> 0 | AZ52: =AX52+AY52 -> 0 | BA52: =(G52-AN52)+AZ52 -> 1807
A53: =AO53 -> 331 | C53: INDIKO Amylase (IFCC) | D53: 400 | E53: 8 | F53: 10 | G53: 355 | AH53: {=IFERROR(INDEX(PQ_Juli!$B$2:$AF$1048,MATCH($C53,PQ_Juli!$A$2:$A$1048,0),MATCH(AH$3&"",PQ_Juli!$B$1:$AF$1&"",0)),0)} -> 0 | AI53: {=IFERROR(INDEX(PQ_Juli!$B$2:$AF$1048,MATCH($C53,PQ_Juli!$A$2:$A$1048,0),MATCH(AI$3&"",PQ_Juli!$B$1:$AF$1&"",0)),0)} -> 21 | AJ53: {=IFERROR(INDEX(PQ_Juli!$B$2:$AF$1048,MATCH($C53,PQ_Juli!$A$2:$A$1048,0),MATCH(AJ$3&"",PQ_Juli!$B$1:$AF$1&"",0)),0)} -> 2 | AK53: {=IFERROR(INDEX(PQ_Juli!$B$2:$AF$1048,MATCH($C53,PQ_Juli!$A$2:$A$1048,0),MATCH(AK$3&"",PQ_Juli!$B$1:$AF$1&"",0)),0)} -> 0 | AL53: {=IFERROR(INDEX(PQ_Juli!$B$2:$AF$1048,MATCH($C53,PQ_Juli!$A$2:$A$1048,0),MATCH(AL$3&"",PQ_Juli!$B$1:$AF$1&"",0)),0)} -> 1 | AN53: =SUM(H53:AL53)+AM53 -> 24 | AO53: =(G53-AN53)+AZ53 -> 331 | AP53: 200 | AQ53: Test | AX53: =IFERROR(IF(AV53="",0,$D53*AS53),0) -> 0 | AY53: =IFERROR(IF(AW53="",0,$D53*AU53),0) -> 0 | AZ53: =AX53+AY53 -> 0 | BA53: =(G53-AN53)+AZ53 -> 331
A54: =AO54 -> 267 | C54: INDIKO Calsium | D54: 800 | E54: 21 | F54: 60 | G54: 271 | AH54: {=IFERROR(INDEX(PQ_Juli!$B$2:$AF$1048,MATCH($C54,PQ_Juli!$A$2:$A$1048,0),MATCH(AH$3&"",PQ_Juli!$B$1:$AF$1&"",0)),0)} -> 1 | AI54: {=IFERROR(INDEX(PQ_Juli!$B$2:$AF$1048,MATCH($C54,PQ_Juli!$A$2:$A$1048,0),MATCH(AI$3&"",PQ_Juli!$B$1:$AF$1&"",0)),0)} -> 1 | AJ54: {=IFERROR(INDEX(PQ_Juli!$B$2:$AF$1048,MATCH($C54,PQ_Juli!$A$2:$A$1048,0),MATCH(AJ$3&"",PQ_Juli!$B$1:$AF$1&"",0)),0)} -> 2 | AK54: {=IFERROR(INDEX(PQ_Juli!$B$2:$AF$1048,MATCH($C54,PQ_Juli!$A$2:$A$1048,0),MATCH(AK$3&"",PQ_Juli!$B$1:$AF$1&"",0)),0)} -> 0 | AL54: {=IFERROR(INDEX(PQ_Juli!$B$2:$AF$1048,MATCH($C54,PQ_Juli!$A$2:$A$1048,0),MATCH(AL$3&"",PQ_Juli!$B$1:$AF$1&"",0)),0)} -> 0 | AN54: =SUM(H54:AL54)+AM54 -> 4 | AO54: =(G54-AN54)+AZ54 -> 267 | AP54: 400 | AQ54: Test | AX54: =IFERROR(IF(AV54="",0,$D54*AS54),0) -> 0 | AY54: =IFERROR(IF(AW54="",0,$D54*AU54),0) -> 0 | AZ54: =AX54+AY54 -> 0 | BA54: =(G54-AN54)+AZ54 -> 267
A55: =AO55 -> 1677 | C55: INDIKO Cholesterol Total | D55: 1050 | E55: 91 | F55: 266 | G55: 1724 | AH55: {=IFERROR(INDEX(PQ_Juli!$B$2:$AF$1048,MATCH($C55,PQ_Juli!$A$2:$A$1048,0),MATCH(AH$3&"",PQ_Juli!$B$1:$AF$1&"",0)),0)} -> 7 | AI55: {=IFERROR(INDEX(PQ_Juli!$B$2:$AF$1048,MATCH($C55,PQ_Juli!$A$2:$A$1048,0),MATCH(AI$3&"",PQ_Juli!$B$1:$AF$1&"",0)),0)} -> 24 | AJ55: {=IFERROR(INDEX(PQ_Juli!$B$2:$AF$1048,MATCH($C55,PQ_Juli!$A$2:$A$1048,0),MATCH(AJ$3&"",PQ_Juli!$B$1:$AF$1&"",0)),0)} -> 9 | AK55: {=IFERROR(INDEX(PQ_Juli!$B$2:$AF$1048,MATCH($C55,PQ_Juli!$A$2:$A$1048,0),MATCH(AK$3&"",PQ_Juli!$B$1:$AF$1&"",0)),0)} -> 3 | AL55: {=IFERROR(INDEX(PQ_Juli!$B$2:$AF$1048,MATCH($C55,PQ_Juli!$A$2:$A$1048,0),MATCH(AL$3&"",PQ_Juli!$B$1:$AF$1&"",0)),0)} -> 4 | AN55: =SUM(H55:AL55)+AM55 -> 47 | AO55: =(G55-AN55)+AZ55 -> 1677 | AP55: 500 | AQ55: Test | AX55: =IFERROR(IF(AV55="",0,$D55*AS55),0) -> 0 | AY55: =IFERROR(IF(AW55="",0,$D55*AU55),0) -> 0 | AZ55: =AX55+AY55 -> 0 | BA55: =(G55-AN55)+AZ55 -> 1677
A56: =AO56 -> 1935 | C56: INDIKO Creatinin (Enzymatic) | D56: 450 | E56: 219 | F56: 451 | G56: 2020 | AH56: {=IFERROR(INDEX(PQ_Juli!$B$2:$AF$1048,MATCH($C56,PQ_Juli!$A$2:$A$1048,0),MATCH(AH$3&"",PQ_Juli!$B$1:$AF$1&"",0)),0)} -> 8 | AI56: {=IFERROR(INDEX(PQ_Juli!$B$2:$AF$1048,MATCH($C56,PQ_Juli!$A$2:$A$1048,0),MATCH(AI$3&"",PQ_Juli!$B$1:$AF$1&"",0)),0)} -> 32 | AJ56: {=IFERROR(INDEX(PQ_Juli!$B$2:$AF$1048,MATCH($C56,PQ_Juli!$A$2:$A$1048,0),MATCH(AJ$3&"",PQ_Juli!$B$1:$AF$1&"",0)),0)} -> 10 | AK56: {=IFERROR(INDEX(PQ_Juli!$B$2:$AF$1048,MATCH($C56,PQ_Juli!$A$2:$A$1048,0),MATCH(AK$3&"",PQ_Juli!$B$1:$AF$1&"",0)),0)} -> 26 | AL56: {=IFERROR(INDEX(PQ_Juli!$B$2:$AF$1048,MATCH($C56,PQ_Juli!$A$2:$A$1048,0),MATCH(AL$3&"",PQ_Juli!$B$1:$AF$1&"",0)),0)} -> 9 | AN56: =SUM(H56:AL56)+AM56 -> 85 | AO56: =(G56-AN56)+AZ56 -> 1935 | AP56: 450 | AQ56: Test | AX56: =IFERROR(IF(AV56="",0,$D56*AS56),0) -> 0 | AY56: =IFERROR(IF(AW56="",0,$D56*AU56),0) -> 0 | AZ56: =AX56+AY56 -> 0 | BA56: =(G56-AN56)+AZ56 -> 1935
A57: =AO57 -> 1434 | C57: INDIKO Direct Billirubin | D57: 500 | E57: 131 | F57: 245 | G57: 1492 | AH57: {=IFERROR(INDEX(PQ_Juli!$B$2:$AF$1048,MATCH($C57,PQ_Juli!$A$2:$A$1048,0),MATCH(AH$3&"",PQ_Juli!$B$1:$AF$1&"",0)),0)} -> 1 | AI57: {=IFERROR(INDEX(PQ_Juli!$B$2:$AF$1048,MATCH($C57,PQ_Juli!$A$2:$A$1048,0),MATCH(AI$3&"",PQ_Juli!$B$1:$AF$1&"",0)),0)} -> 28 | AJ57: {=IFERROR(INDEX(PQ_Juli!$B$2:$AF$1048,MATCH($C57,PQ_Juli!$A$2:$A$1048,0),MATCH(AJ$3&"",PQ_Juli!$B$1:$AF$1&"",0)),0)} -> 7 | AK57: {=IFERROR(INDEX(PQ_Juli!$B$2:$AF$1048,MATCH($C57,PQ_Juli!$A$2:$A$1048,0),MATCH(AK$3&"",PQ_Juli!$B$1:$AF$1&"",0)),0)} -> 17 | AL57: {=IFERROR(INDEX(PQ_Juli!$B$2:$AF$1048,MATCH($C57,PQ_Juli!$A$2:$A$1048,0),MATCH(AL$3&"",PQ_Juli!$B$1:$AF$1&"",0)),0)} -> 5 | AN57: =SUM(H57:AL57)+AM57 -> 58 | AO57: =(G57-AN57)+AZ57 -> 1434 | AP57: 500 | AQ57: Test | AX57: =IFERROR(IF(AV57="",0,$D57*AS57),0) -> 0 | AY57: =IFERROR(IF(AW57="",0,$D57*AU57),0) -> 0 | AZ57: =AX57+AY57 -> 0 | BA57: =(G57-AN57)+AZ57 -> 1434
A58: =AO58 -> 201 | C58: INDIKO Gamma GT (IFCC) | D58: 400 | E58: 29 | F58: 38 | G58: 202 | AH58: {=IFERROR(INDEX(PQ_Juli!$B$2:$AF$1048,MATCH($C58,PQ_Juli!$A$2:$A$1048,0),MATCH(AH$3&"",PQ_Juli!$B$1:$AF$1&"",0)),0)} -> 1 | AI58: {=IFERROR(INDEX(PQ_Juli!$B$2:$AF$1048,MATCH($C58,PQ_Juli!$A$2:$A$1048,0),MATCH(AI$3&"",PQ_Juli!$B$1:$AF$1&"",0)),0)} -> 0 | AJ58: {=IFERROR(INDEX(PQ_Juli!$B$2:$AF$1048,MATCH($C58,PQ_Juli!$A$2:$A$1048,0),MATCH(AJ$3&"",PQ_Juli!$B$1:$AF$1&"",0)),0)} -> 0 | AK58: {=IFERROR(INDEX(PQ_Juli!$B$2:$AF$1048,MATCH($C58,PQ_Juli!$A$2:$A$1048,0),MATCH(AK$3&"",PQ_Juli!$B$1:$AF$1&"",0)),0)} -> 0 | AL58: {=IFERROR(INDEX(PQ_Juli!$B$2:$AF$1048,MATCH($C58,PQ_Juli!$A$2:$A$1048,0),MATCH(AL$3&"",PQ_Juli!$B$1:$AF$1&"",0)),0)} -> 0 | AN58: =SUM(H58:AL58)+AM58 -> 1 | AO58: =(G58-AN58)+AZ58 -> 201 | AP58: 400 | AQ58: Test | AX58: =IFERROR(IF(AV58="",0,$D58*AS58),0) -> 0 | AY58: =IFERROR(IF(AW58="",0,$D58*AU58),0) -> 0 | AZ58: =AX58+AY58 -> 0 | BA58: =(G58-AN58)+AZ58 -> 201
A59: =AO59 -> 2023 | C59: INDIKO Glukosa (HK) | D59: 700 | E59: 210 | F59: 406 | G59: 2099 | AH59: {=IFERROR(INDEX(PQ_Juli!$B$2:$AF$1048,MATCH($C59,PQ_Juli!$A$2:$A$1048,0),MATCH(AH$3&"",PQ_Juli!$B$1:$AF$1&"",0)),0)} -> 9 | AI59: {=IFERROR(INDEX(PQ_Juli!$B$2:$AF$1048,MATCH($C59,PQ_Juli!$A$2:$A$1048,0),MATCH(AI$3&"",PQ_Juli!$B$1:$AF$1&"",0)),0)} -> 30 | AJ59: {=IFERROR(INDEX(PQ_Juli!$B$2:$AF$1048,MATCH($C59,PQ_Juli!$A$2:$A$1048,0),MATCH(AJ$3&"",PQ_Juli!$B$1:$AF$1&"",0)),0)} -> 8 | AK59: {=IFERROR(INDEX(PQ_Juli!$B$2:$AF$1048,MATCH($C59,PQ_Juli!$A$2:$A$1048,0),MATCH(AK$3&"",PQ_Juli!$B$1:$AF$1&"",0)),0)} -> 20 | AL59: {=IFERROR(INDEX(PQ_Juli!$B$2:$AF$1048,MATCH($C59,PQ_Juli!$A$2:$A$1048,0),MATCH(AL$3&"",PQ_Juli!$B$1:$AF$1&"",0)),0)} -> 9 | AN59: =SUM(H59:AL59)+AM59 -> 76 | AO59: =(G59-AN59)+AZ59 -> 2023 | AP59: 700 | AQ59: Test | AX59: =IFERROR(IF(AV59="",0,$D59*AS59),0) -> 0 | AY59: =IFERROR(IF(AW59="",0,$D59*AU59),0) -> 0 | AZ59: =AX59+AY59 -> 0 | BA59: =(G59-AN59)+AZ59 -> 2023
A60: =AO60 -> 713 | C60: INDIKO HDL Cholesterol | D60: 750 | E60: 69 | F60: 185 | G60: 734 | AH60: {=IFERROR(INDEX(PQ_Juli!$B$2:$AF$1048,MATCH($C60,PQ_Juli!$A$2:$A$1048,0),MATCH(AH$3&"",PQ_Juli!$B$1:$AF$1&"",0)),0)} -> 7 | AI60: {=IFERROR(INDEX(PQ_Juli!$B$2:$AF$1048,MATCH($C60,PQ_Juli!$A$2:$A$1048,0),MATCH(AI$3&"",PQ_Juli!$B$1:$AF$1&"",0)),0)} -> 3 | AJ60: {=IFERROR(INDEX(PQ_Juli!$B$2:$AF$1048,MATCH($C60,PQ_Juli!$A$2:$A$1048,0),MATCH(AJ$3&"",PQ_Juli!$B$1:$AF$1&"",0)),0)} -> 4 | AK60: {=IFERROR(INDEX(PQ_Juli!$B$2:$AF$1048,MATCH($C60,PQ_Juli!$A$2:$A$1048,0),MATCH(AK$3&"",PQ_Juli!$B$1:$AF$1&"",0)),0)} -> 3 | AL60: {=IFERROR(INDEX(PQ_Juli!$B$2:$AF$1048,MATCH($C60,PQ_Juli!$A$2:$A$1048,0),MATCH(AL$3&"",PQ_Juli!$B$1:$AF$1&"",0)),0)} -> 4 | AN60: =SUM(H60:AL60)+AM60 -> 21 | AO60: =(G60-AN60)+AZ60 -> 713 | AP60: 400 | AQ60: Test | AX60: =IFERROR(IF(AV60="",0,$D60*AS60),0) -> 0 | AY60: =IFERROR(IF(AW60="",0,$D60*AU60),0) -> 0 | AZ60: =AX60+AY60 -> 0 | BA60: =(G60-AN60)+AZ60 -> 713
A61: =AO61 -> 1749 | C61: INDIKO LDL Cholesterol | D61: 440 | E61: 67 | F61: 192 | G61: 1769 | AH61: {=IFERROR(INDEX(PQ_Juli!$B$2:$AF$1048,MATCH($C61,PQ_Juli!$A$2:$A$1048,0),MATCH(AH$3&"",PQ_Juli!$B$1:$AF$1&"",0)),0)} -> 7 | AI61: {=IFERROR(INDEX(PQ_Juli!$B$2:$AF$1048,MATCH($C61,PQ_Juli!$A$2:$A$1048,0),MATCH(AI$3&"",PQ_Juli!$B$1:$AF$1&"",0)),0)} -> 3 | AJ61: {=IFERROR(INDEX(PQ_Juli!$B$2:$AF$1048,MATCH($C61,PQ_Juli!$A$2:$A$1048,0),MATCH(AJ$3&"",PQ_Juli!$B$1:$AF$1&"",0)),0)} -> 3 | AK61: {=IFERROR(INDEX(PQ_Juli!$B$2:$AF$1048,MATCH($C61,PQ_Juli!$A$2:$A$1048,0),MATCH(AK$3&"",PQ_Juli!$B$1:$AF$1&"",0)),0)} -> 3 | AL61: {=IFERROR(INDEX(PQ_Juli!$B$2:$AF$1048,MATCH($C61,PQ_Juli!$A$2:$A$1048,0),MATCH(AL$3&"",PQ_Juli!$B$1:$AF$1&"",0)),0)} -> 4 | AN61: =SUM(H61:AL61)+AM61 -> 20 | AO61: =(G61-AN61)+AZ61 -> 1749 | AP61: 440 | AQ61: Test | AX61: =IFERROR(IF(AV61="",0,$D61*AS61),0) -> 0 | AY61: =IFERROR(IF(AW61="",0,$D61*AU61),0) -> 0 | AZ61: =AX61+AY61 -> 0 | BA61: =(G61-AN61)+AZ61 -> 1749
... A71: =AO71 -> 2759 | C71: INDIKO Uric Acid (AOX) | D71: 1000 | E71: 63 | F71: 107 | G71: 2780 | AH71: {=IFERROR(INDEX(PQ_Juli!$B$2:$AF$1048,MATCH($C71,PQ_Juli!$A$2:$A$1048,0),MATCH(AH$3&"",PQ_Juli!$B$1:$AF$1&"",0)),0)} -> 7 | AI71: {=IFERROR(INDEX(PQ_Juli!$B$2:$AF$1048,MATCH($C71,PQ_Juli!$A$2:$A$1048,0),MATCH(AI$3&"",PQ_Juli!$B$1:$AF$1&"",0)),0)} -> 3 | AJ71: {=IFERROR(INDEX(PQ_Juli!$B$2:$AF$1048,MATCH($C71,PQ_Juli!$A$2:$A$1048,0),MATCH(AJ$3&"",PQ_Juli!$B$1:$AF$1&"",0)),0)} -> 4 | AK71: {=IFERROR(INDEX(PQ_Juli!$B$2:$AF$1048,MATCH($C71,PQ_Juli!$A$2:$A$1048,0),MATCH(AK$3&"",PQ_Juli!$B$1:$AF$1&"",0)),0)} -> 3 | AL71: {=IFERROR(INDEX(PQ_Juli!$B$2:$AF$1048,MATCH($C71,PQ_Juli!$A$2:$A$1048,0),MATCH(AL$3&"",PQ_Juli!$B$1:$AF$1&"",0)),0)} -> 4 | AN71: =SUM(H71:AL71)+AM71 -> 21 | AO71: =(G71-AN71)+AZ71 -> 2759 | AP71: 400 | AQ71: Test | AX71: =IFERROR(IF(AV71="",0,$D71*AS71),0) -> 0 | AY71: =IFERROR(IF(AW71="",0,$D71*AU71),0) -> 0 | AZ71: =AX71+AY71 -> 0 | BA71: =(G71-AN71)+AZ71 -> 2759
A72: =AO72 -> 177 | C72: INDIKO CK | D72: 240 | G72: 200 | AH72: {=IFERROR(INDEX(PQ_Juli!$B$2:$AF$1048,MATCH($C72,PQ_Juli!$A$2:$A$1048,0),MATCH(AH$3&"",PQ_Juli!$B$1:$AF$1&"",0)),0)} -> 0 | AI72: {=IFERROR(INDEX(PQ_Juli!$B$2:$AF$1048,MATCH($C72,PQ_Juli!$A$2:$A$1048,0),MATCH(AI$3&"",PQ_Juli!$B$1:$AF$1&"",0)),0)} -> 21 | AJ72: {=IFERROR(INDEX(PQ_Juli!$B$2:$AF$1048,MATCH($C72,PQ_Juli!$A$2:$A$1048,0),MATCH(AJ$3&"",PQ_Juli!$B$1:$AF$1&"",0)),0)} -> 2 | AK72: {=IFERROR(INDEX(PQ_Juli!$B$2:$AF$1048,MATCH($C72,PQ_Juli!$A$2:$A$1048,0),MATCH(AK$3&"",PQ_Juli!$B$1:$AF$1&"",0)),0)} -> 0 | AL72: {=IFERROR(INDEX(PQ_Juli!$B$2:$AF$1048,MATCH($C72,PQ_Juli!$A$2:$A$1048,0),MATCH(AL$3&"",PQ_Juli!$B$1:$AF$1&"",0)),0)} -> 0 | AN72: =SUM(H72:AL72)+AM72 -> 23 | AO72: =(G72-AN72)+AZ72 -> 177 | AP72: 160 | AQ72: Test | AX72: =IFERROR(IF(AV72="",0,$D72*AS72),0) -> 0 | AY72: =IFERROR(IF(AW72="",0,$D72*AU72),0) -> 0 | AZ72: =AX72+AY72 -> 0 | BA72: =(G72-AN72)+AZ72 -> 177
